timestamp,cpu_usage,memory_usage,network_traffic
2022-01-01 00:00:00,50.99,65.72,191.37
2022-01-01 01:00:00,52.5,67.4,212.63
2022-01-01 02:00:00,56.67,66.8,225.18
2022-01-01 03:00:00,60.68,67.35,240.08
2022-01-01 04:00:00,58.94,64.27,229.63
2022-01-01 05:00:00,60.12,66.24,254.22
2022-01-01 06:00:00,64.27,64.32,222.96
2022-01-01 07:00:00,62.49,61.21,242.0
2022-01-01 08:00:00,59.2,61.37,238.42
2022-01-01 09:00:00,59.81,59.7,241.69
2022-01-01 10:00:00,55.9,53.92,225.23
2022-01-01 11:00:00,53.66,53.47,198.89
2022-01-01 12:00:00,52.65,52.11,190.15
2022-01-01 13:00:00,45.92,50.97,189.05
2022-01-01 14:00:00,44.05,53.25,174.21
2022-01-01 15:00:00,44.46,51.89,158.85
2022-01-01 16:00:00,42.13,52.49,151.89
2022-01-01 17:00:00,43.94,51.08,158.67
2022-01-01 18:00:00,41.3,56.63,144.82
2022-01-01 19:00:00,40.78,55.71,150.82
2022-01-01 20:00:00,47.67,59.71,178.4
2022-01-01 21:00:00,46.01,62.12,150.41
2022-01-01 22:00:00,48.8,65.71,156.48
2022-01-01 23:00:00,48.35,63.42,194.89
2022-01-02 00:00:00,52.82,62.2,193.21
2022-01-02 01:00:00,56.83,67.9,209.76
2022-01-02 02:00:00,56.83,70.69,217.19
2022-01-02 03:00:00,62.06,69.67,232.76
2022-01-02 04:00:00,61.79,67.42,259.29
2022-01-02 05:00:00,63.5,65.18,256.32
2022-01-02 06:00:00,63.3,65.53,258.62
2022-01-02 07:00:00,67.95,60.97,234.13
2022-01-02 08:00:00,63.29,61.09,231.79
2022-01-02 09:00:00,59.68,59.05,206.96
2022-01-02 10:00:00,61.42,57.92,216.91
2022-01-02 11:00:00,54.98,58.76,222.51
2022-01-02 12:00:00,55.29,53.86,205.17
2022-01-02 13:00:00,48.41,51.62,184.84
2022-01-02 14:00:00,47.29,51.97,174.78
2022-01-02 15:00:00,48.29,49.53,157.76
2022-01-02 16:00:00,47.8,51.85,158.75
2022-01-02 17:00:00,45.68,53.47,159.36
2022-01-02 18:00:00,44.77,54.89,133.84
2022-01-02 19:00:00,44.74,57.8,154.7
2022-01-02 20:00:00,43.37,58.39,166.02
2022-01-02 21:00:00,46.46,63.39,160.49
2022-01-02 22:00:00,49.02,63.67,182.01
2022-01-02 23:00:00,54.44,65.37,215.21
2022-01-03 00:00:00,55.56,66.24,198.96
2022-01-03 01:00:00,53.89,67.85,216.87
2022-01-03 02:00:00,60.43,69.23,217.62
2022-01-03 03:00:00,61.02,66.52,237.17
2022-01-03 04:00:00,61.96,66.12,247.9
2022-01-03 05:00:00,65.47,65.46,250.24
2022-01-03 06:00:00,66.57,62.3,239.8
2022-01-03 07:00:00,65.94,61.2,250.36
2022-01-03 08:00:00,61.31,59.66,257.92
2022-01-03 09:00:00,60.69,59.61,239.84
2022-01-03 10:00:00,59.79,56.73,234.62
2022-01-03 11:00:00,58.56,54.91,210.57
2022-01-03 12:00:00,52.95,54.54,207.5
2022-01-03 13:00:00,50.83,52.17,189.85
2022-01-03 14:00:00,46.45,52.59,165.49
2022-01-03 15:00:00,44.07,52.03,167.83
2022-01-03 16:00:00,46.37,53.29,146.78
2022-01-03 17:00:00,46.31,53.21,145.37
2022-01-03 18:00:00,42.97,52.02,151.89
2022-01-03 19:00:00,45.32,57.37,154.68
2022-01-03 20:00:00,44.88,61.76,144.81
2022-01-03 21:00:00,44.3,63.09,175.18
2022-01-03 22:00:00,48.22,65.12,180.72
2022-01-03 23:00:00,52.82,67.24,180.01
2022-01-04 00:00:00,52.1,66.86,184.62
2022-01-04 01:00:00,57.72,67.92,211.49
2022-01-04 02:00:00,51.59,67.06,220.54
2022-01-04 03:00:00,60.37,67.34,236.49
2022-01-04 04:00:00,60.31,68.03,239.67
2022-01-04 05:00:00,60.36,67.72,228.22
2022-01-04 06:00:00,61.3,64.11,246.12
2022-01-04 07:00:00,56.61,61.76,245.24
2022-01-04 08:00:00,58.97,60.38,249.64
2022-01-04 09:00:00,58.35,59.2,228.37
2022-01-04 10:00:00,58.33,54.17,241.79
2022-01-04 11:00:00,51.74,51.17,193.82
2022-01-04 12:00:00,48.38,52.44,213.11
2022-01-04 13:00:00,46.22,50.55,184.82
2022-01-04 14:00:00,46.46,51.25,183.6
2022-01-04 15:00:00,43.03,51.96,165.44
2022-01-04 16:00:00,39.54,52.21,168.09
2022-01-04 17:00:00,40.44,56.26,147.83
2022-01-04 18:00:00,39.08,56.17,139.01
2022-01-04 19:00:00,40.98,58.02,165.91
2022-01-04 20:00:00,38.46,60.56,155.56
2022-01-04 21:00:00,40.62,60.0,166.86
2022-01-04 22:00:00,42.39,65.23,187.35
2022-01-04 23:00:00,42.49,65.27,176.74
2022-01-05 00:00:00,48.42,67.74,205.95
2022-01-05 01:00:00,50.77,66.01,207.04
2022-01-05 02:00:00,52.51,65.66,223.68
2022-01-05 03:00:00,53.94,69.04,236.08
2022-01-05 04:00:00,53.01,67.67,228.3
2022-01-05 05:00:00,55.85,64.56,240.51
2022-01-05 06:00:00,56.2,63.02,263.51
2022-01-05 07:00:00,54.79,64.12,257.16
2022-01-05 08:00:00,54.94,58.59,242.67
2022-01-05 09:00:00,54.34,60.76,237.79
2022-01-05 10:00:00,55.11,54.98,222.06
2022-01-05 11:00:00,49.15,55.57,226.51
2022-01-05 12:00:00,46.61,52.78,198.0
2022-01-05 13:00:00,43.24,53.28,189.38
2022-01-05 14:00:00,37.03,51.19,186.46
2022-01-05 15:00:00,38.64,51.94,156.87
2022-01-05 16:00:00,37.13,52.95,172.29
2022-01-05 17:00:00,40.85,52.58,136.4
2022-01-05 18:00:00,35.11,56.79,166.3
2022-01-05 19:00:00,36.36,56.8,147.98
2022-01-05 20:00:00,36.62,59.28,154.27
2022-01-05 21:00:00,35.87,60.21,145.74
2022-01-05 22:00:00,42.51,59.83,170.45
2022-01-05 23:00:00,44.09,65.1,176.66
2022-01-06 00:00:00,46.71,70.35,193.92
2022-01-06 01:00:00,45.86,68.8,211.57
2022-01-06 02:00:00,52.86,67.96,234.58
2022-01-06 03:00:00,49.3,67.42,237.43
2022-01-06 04:00:00,54.85,67.14,246.38
2022-01-06 05:00:00,59.04,66.74,237.34
2022-01-06 06:00:00,53.02,62.55,241.19
2022-01-06 07:00:00,53.53,64.1,266.28
2022-01-06 08:00:00,53.87,61.45,235.95
2022-01-06 09:00:00,51.1,59.37,251.92
2022-01-06 10:00:00,46.95,56.99,222.57
2022-01-06 11:00:00,47.81,54.65,212.96
2022-01-06 12:00:00,43.0,54.28,210.7
2022-01-06 13:00:00,43.53,53.27,199.78
2022-01-06 14:00:00,38.38,51.48,173.89
2022-01-06 15:00:00,41.31,51.32,160.76
2022-01-06 16:00:00,35.12,53.04,156.14
2022-01-06 17:00:00,35.11,56.41,155.08
2022-01-06 18:00:00,37.12,53.82,158.91
2022-01-06 19:00:00,33.46,55.37,151.75
2022-01-06 20:00:00,37.46,59.87,162.89
2022-01-06 21:00:00,41.31,61.78,181.03
2022-01-06 22:00:00,37.65,63.93,178.81
2022-01-06 23:00:00,43.76,65.75,190.18
2022-01-07 00:00:00,46.61,66.4,184.81
2022-01-07 01:00:00,50.36,69.86,186.63
2022-01-07 02:00:00,48.86,65.59,228.88
2022-01-07 03:00:00,50.89,66.57,234.41
2022-01-07 04:00:00,56.3,66.95,238.15
2022-01-07 05:00:00,56.99,63.45,250.73
2022-01-07 06:00:00,57.38,64.06,249.4
2022-01-07 07:00:00,57.38,64.93,259.57
2022-01-07 08:00:00,54.48,60.41,244.16
2022-01-07 09:00:00,54.88,58.64,227.89
2022-01-07 10:00:00,53.09,54.44,234.9
2022-01-07 11:00:00,48.82,53.69,210.77
2022-01-07 12:00:00,51.56,52.71,205.27
2022-01-07 13:00:00,46.36,51.9,182.28
2022-01-07 14:00:00,40.79,53.93,168.5
2022-01-07 15:00:00,42.59,53.02,165.49
2022-01-07 16:00:00,37.92,51.22,156.83
2022-01-07 17:00:00,40.62,54.45,156.5
2022-01-07 18:00:00,41.2,56.42,147.31
2022-01-07 19:00:00,37.77,59.28,133.34
2022-01-07 20:00:00,42.52,61.99,152.37
2022-01-07 21:00:00,43.19,60.18,172.58
2022-01-07 22:00:00,46.27,62.45,172.03
2022-01-07 23:00:00,51.02,63.5,184.6
2022-01-08 00:00:00,49.51,66.38,209.86
2022-01-08 01:00:00,51.27,68.32,205.82
2022-01-08 02:00:00,53.59,69.47,209.57
2022-01-08 03:00:00,56.0,67.7,233.75
2022-01-08 04:00:00,59.25,66.63,238.46
2022-01-08 05:00:00,61.27,66.15,238.63
2022-01-08 06:00:00,61.67,63.07,248.25
2022-01-08 07:00:00,62.61,65.57,253.21
2022-01-08 08:00:00,60.16,57.97,243.21
2022-01-08 09:00:00,61.63,58.57,238.43
2022-01-08 10:00:00,56.3,59.37,243.13
2022-01-08 11:00:00,60.03,54.63,209.51
2022-01-08 12:00:00,53.42,52.98,202.78
2022-01-08 13:00:00,48.03,51.84,181.97
2022-01-08 14:00:00,45.36,51.74,166.54
2022-01-08 15:00:00,46.55,54.24,158.8
2022-01-08 16:00:00,43.71,49.57,151.91
2022-01-08 17:00:00,44.74,56.38,155.3
2022-01-08 18:00:00,44.06,53.54,173.49
2022-01-08 19:00:00,43.46,57.17,144.54
2022-01-08 20:00:00,43.05,58.98,152.53
2022-01-08 21:00:00,43.43,62.59,164.01
2022-01-08 22:00:00,47.77,61.27,178.96
2022-01-08 23:00:00,52.91,66.08,189.69
2022-01-09 00:00:00,54.34,69.77,212.84
2022-01-09 01:00:00,54.12,65.58,188.68
2022-01-09 02:00:00,59.48,68.28,201.13
2022-01-09 03:00:00,62.08,66.82,230.4
2022-01-09 04:00:00,61.22,67.75,254.27
2022-01-09 05:00:00,64.39,65.95,232.64
2022-01-09 06:00:00,64.62,63.36,219.92
2022-01-09 07:00:00,61.96,63.16,254.01
2022-01-09 08:00:00,64.03,63.08,245.74
2022-01-09 09:00:00,62.91,58.01,224.45
2022-01-09 10:00:00,61.94,57.41,215.14
2022-01-09 11:00:00,59.53,52.68,203.24
2022-01-09 12:00:00,52.12,51.83,201.11
2022-01-09 13:00:00,50.45,53.09,180.8
2022-01-09 14:00:00,50.97,54.24,179.94
2022-01-09 15:00:00,48.93,52.72,136.1
2022-01-09 16:00:00,47.36,52.42,148.13
2022-01-09 17:00:00,53.04,54.08,140.44
2022-01-09 18:00:00,46.14,53.8,147.44
2022-01-09 19:00:00,47.61,58.47,146.32
2022-01-09 20:00:00,48.23,60.95,164.68
2022-01-09 21:00:00,49.2,61.03,146.05
2022-01-09 22:00:00,49.31,62.96,175.45
2022-01-09 23:00:00,53.84,65.78,192.64
2022-01-10 00:00:00,53.33,66.08,218.57
2022-01-10 01:00:00,56.94,67.52,208.12
2022-01-10 02:00:00,58.81,71.14,228.24
2022-01-10 03:00:00,61.95,67.45,217.32
2022-01-10 04:00:00,67.94,66.57,219.38
2022-01-10 05:00:00,60.51,64.95,256.74
2022-01-10 06:00:00,65.88,65.44,249.94
2022-01-10 07:00:00,60.85,62.16,260.08
2022-01-10 08:00:00,62.05,59.4,229.57
2022-01-10 09:00:00,63.48,60.28,240.55
2022-01-10 10:00:00,59.26,58.46,243.69
2022-01-10 11:00:00,54.46,53.72,217.14
2022-01-10 12:00:00,52.48,50.47,202.77
2022-01-10 13:00:00,52.56,53.89,187.14
2022-01-10 14:00:00,47.2,50.98,159.29
2022-01-10 15:00:00,46.9,53.37,178.2
2022-01-10 16:00:00,44.83,49.94,150.59
2022-01-10 17:00:00,42.3,55.42,156.75
2022-01-10 18:00:00,47.41,53.86,134.37
2022-01-10 19:00:00,44.58,58.66,139.91
2022-01-10 20:00:00,40.11,59.64,171.05
2022-01-10 21:00:00,45.96,60.27,161.17
2022-01-10 22:00:00,46.18,63.06,189.53
2022-01-10 23:00:00,51.45,66.41,186.28
2022-01-11 00:00:00,50.58,66.89,181.58
2022-01-11 01:00:00,54.36,68.5,221.86
2022-01-11 02:00:00,57.84,70.96,219.1
2022-01-11 03:00:00,60.45,65.47,242.34
2022-01-11 04:00:00,57.73,69.54,243.55
2022-01-11 05:00:00,60.28,66.07,232.87
2022-01-11 06:00:00,60.16,62.97,251.64
2022-01-11 07:00:00,59.28,60.44,270.26
2022-01-11 08:00:00,62.94,60.09,248.23
2022-01-11 09:00:00,58.44,59.68,234.78
2022-01-11 10:00:00,52.85,56.14,235.75
2022-01-11 11:00:00,54.61,56.88,215.05
2022-01-11 12:00:00,54.24,51.09,202.1
2022-01-11 13:00:00,49.29,52.36,176.14
2022-01-11 14:00:00,41.59,50.13,177.34
2022-01-11 15:00:00,41.4,52.73,175.0
2022-01-11 16:00:00,43.13,54.22,148.34
2022-01-11 17:00:00,38.0,53.45,165.95
2022-01-11 18:00:00,39.78,51.77,149.08
2022-01-11 19:00:00,40.6,57.87,142.83
2022-01-11 20:00:00,38.01,60.28,166.68
2022-01-11 21:00:00,41.16,62.31,161.78
2022-01-11 22:00:00,36.69,65.52,182.6
2022-01-11 23:00:00,43.36,63.78,184.14
2022-01-12 00:00:00,47.33,67.75,199.4
2022-01-12 01:00:00,47.76,69.41,217.88
2022-01-12 02:00:00,55.76,65.32,227.91
2022-01-12 03:00:00,51.55,68.3,215.4
2022-01-12 04:00:00,54.96,66.35,232.09
2022-01-12 05:00:00,56.95,65.8,257.59
2022-01-12 06:00:00,59.77,64.84,248.68
2022-01-12 07:00:00,53.53,61.7,243.06
2022-01-12 08:00:00,57.59,59.36,229.72
2022-01-12 09:00:00,53.56,58.35,224.56
2022-01-12 10:00:00,49.37,54.7,204.78
2022-01-12 11:00:00,49.72,52.99,211.93
2022-01-12 12:00:00,46.49,54.29,194.02
2022-01-12 13:00:00,42.19,50.66,177.39
2022-01-12 14:00:00,41.01,53.01,174.32
2022-01-12 15:00:00,37.92,52.88,168.28
2022-01-12 16:00:00,37.24,50.3,177.63
2022-01-12 17:00:00,37.24,53.07,136.58
2022-01-12 18:00:00,38.67,57.47,161.59
2022-01-12 19:00:00,33.28,56.1,161.43
2022-01-12 20:00:00,40.95,58.93,148.91
2022-01-12 21:00:00,34.31,62.4,166.68
2022-01-12 22:00:00,39.92,64.84,170.42
2022-01-12 23:00:00,43.76,65.01,188.92
2022-01-13 00:00:00,45.69,65.84,215.09
2022-01-13 01:00:00,46.43,69.75,219.0
2022-01-13 02:00:00,49.64,70.6,230.09
2022-01-13 03:00:00,51.12,69.28,231.05
2022-01-13 04:00:00,52.5,67.24,228.46
2022-01-13 05:00:00,56.36,64.71,246.21
2022-01-13 06:00:00,55.71,63.08,262.07
2022-01-13 07:00:00,53.28,63.22,233.02
2022-01-13 08:00:00,55.47,61.01,232.75
2022-01-13 09:00:00,52.72,60.4,236.62
2022-01-13 10:00:00,51.68,57.31,215.15
2022-01-13 11:00:00,48.93,52.36,205.02
2022-01-13 12:00:00,80.2,87.76,460.88
2022-01-13 13:00:00,75.69,79.37,570.12
2022-01-13 14:00:00,77.98,73.79,498.73
2022-01-13 15:00:00,39.43,52.56,171.68
2022-01-13 16:00:00,36.64,55.88,143.63
2022-01-13 17:00:00,35.99,58.75,135.72
2022-01-13 18:00:00,38.05,56.59,143.7
2022-01-13 19:00:00,34.74,57.29,159.02
2022-01-13 20:00:00,38.1,60.42,154.73
2022-01-13 21:00:00,38.29,63.04,160.0
2022-01-13 22:00:00,40.43,63.19,175.44
2022-01-13 23:00:00,45.59,68.08,169.6
2022-01-14 00:00:00,47.74,67.08,204.95
2022-01-14 01:00:00,50.43,68.37,216.78
2022-01-14 02:00:00,53.95,68.99,220.91
2022-01-14 03:00:00,53.58,68.45,245.41
2022-01-14 04:00:00,56.62,68.37,232.03
2022-01-14 05:00:00,55.78,64.99,259.58
2022-01-14 06:00:00,57.53,63.48,251.54
2022-01-14 07:00:00,56.43,60.78,244.93
2022-01-14 08:00:00,56.04,61.04,243.1
2022-01-14 09:00:00,55.6,59.46,234.28
2022-01-14 10:00:00,50.86,57.02,237.2
2022-01-14 11:00:00,54.44,57.13,202.17
2022-01-14 12:00:00,45.82,53.26,192.37
2022-01-14 13:00:00,42.98,53.38,197.42
2022-01-14 14:00:00,45.49,50.37,169.04
2022-01-14 15:00:00,42.86,51.6,173.65
2022-01-14 16:00:00,41.11,53.93,173.69
2022-01-14 17:00:00,40.3,55.36,147.69
2022-01-14 18:00:00,38.86,55.24,156.81
2022-01-14 19:00:00,37.62,57.46,140.17
2022-01-14 20:00:00,40.75,57.35,164.25
2022-01-14 21:00:00,41.01,61.17,166.64
2022-01-14 22:00:00,46.58,65.0,179.73
2022-01-14 23:00:00,46.93,66.25,180.6
2022-01-15 00:00:00,48.35,67.48,183.39
2022-01-15 01:00:00,52.13,67.7,217.97
2022-01-15 02:00:00,56.2,68.0,204.37
2022-01-15 03:00:00,56.5,66.83,232.18
2022-01-15 04:00:00,57.76,68.16,252.71
2022-01-15 05:00:00,61.08,66.55,250.22
2022-01-15 06:00:00,61.6,65.06,269.48
2022-01-15 07:00:00,59.94,61.64,258.55
2022-01-15 08:00:00,59.19,57.15,236.76
2022-01-15 09:00:00,59.19,59.94,235.63
2022-01-15 10:00:00,53.93,55.61,224.53
2022-01-15 11:00:00,51.77,53.32,197.12
2022-01-15 12:00:00,50.73,54.31,190.6
2022-01-15 13:00:00,49.32,51.79,181.45
2022-01-15 14:00:00,48.12,53.6,154.64
2022-01-15 15:00:00,48.54,53.11,165.12
2022-01-15 16:00:00,45.87,53.92,154.21
2022-01-15 17:00:00,42.99,52.03,134.97
2022-01-15 18:00:00,43.08,57.5,154.04
2022-01-15 19:00:00,41.6,57.96,158.86
2022-01-15 20:00:00,44.7,59.07,158.97
2022-01-15 21:00:00,45.89,61.92,161.4
2022-01-15 22:00:00,49.31,61.0,180.91
2022-01-15 23:00:00,49.55,66.0,193.86
2022-01-16 00:00:00,54.95,65.19,203.07
2022-01-16 01:00:00,59.68,65.59,204.69
2022-01-16 02:00:00,58.91,65.71,227.77
2022-01-16 03:00:00,62.11,69.49,247.31
2022-01-16 04:00:00,64.37,66.17,237.33
2022-01-16 05:00:00,63.28,68.22,269.28
2022-01-16 06:00:00,64.95,63.52,244.74
2022-01-16 07:00:00,64.27,59.87,248.62
2022-01-16 08:00:00,63.51,58.7,236.58
2022-01-16 09:00:00,60.24,60.15,237.59
2022-01-16 10:00:00,59.83,56.1,207.58
2022-01-16 11:00:00,58.41,53.79,207.48
2022-01-16 12:00:00,57.78,53.51,189.08
2022-01-16 13:00:00,54.24,53.13,188.41
2022-01-16 14:00:00,54.25,53.69,184.94
2022-01-16 15:00:00,46.36,54.36,171.1
2022-01-16 16:00:00,48.07,52.35,132.98
2022-01-16 17:00:00,45.7,52.09,172.12
2022-01-16 18:00:00,49.38,55.06,152.95
2022-01-16 19:00:00,43.72,57.96,143.94
2022-01-16 20:00:00,44.65,58.18,158.27
2022-01-16 21:00:00,46.7,60.27,166.41
2022-01-16 22:00:00,45.7,64.18,168.33
2022-01-16 23:00:00,51.27,65.31,189.04
2022-01-17 00:00:00,53.36,66.78,193.93
2022-01-17 01:00:00,57.72,66.48,208.9
2022-01-17 02:00:00,60.46,67.65,218.14
2022-01-17 03:00:00,65.54,66.43,221.03
2022-01-17 04:00:00,65.22,68.44,244.76
2022-01-17 05:00:00,63.09,67.47,254.15
2022-01-17 06:00:00,62.71,61.55,255.15
2022-01-17 07:00:00,65.06,61.04,256.5
2022-01-17 08:00:00,60.35,58.13,246.54
2022-01-17 09:00:00,64.97,57.32,230.03
2022-01-17 10:00:00,61.49,56.21,233.4
2022-01-17 11:00:00,55.67,52.44,199.37
2022-01-17 12:00:00,50.48,51.89,190.99
2022-01-17 13:00:00,53.91,50.87,177.42
2022-01-17 14:00:00,48.44,52.32,185.8
2022-01-17 15:00:00,48.94,52.29,174.07
2022-01-17 16:00:00,41.55,51.81,161.57
2022-01-17 17:00:00,42.4,54.35,162.42
2022-01-17 18:00:00,43.13,54.86,141.21
2022-01-17 19:00:00,43.4,57.16,155.19
2022-01-17 20:00:00,43.26,62.13,155.45
2022-01-17 21:00:00,46.83,63.71,173.11
2022-01-17 22:00:00,45.36,61.72,173.85
2022-01-17 23:00:00,49.46,66.63,183.21
2022-01-18 00:00:00,52.41,67.95,205.41
2022-01-18 01:00:00,55.62,65.9,221.7
2022-01-18 02:00:00,58.25,69.22,218.32
2022-01-18 03:00:00,56.47,70.12,234.74
2022-01-18 04:00:00,57.07,65.43,232.72
2022-01-18 05:00:00,63.51,64.54,223.32
2022-01-18 06:00:00,61.78,65.85,252.0
2022-01-18 07:00:00,59.09,62.84,254.39
2022-01-18 08:00:00,62.51,61.2,245.92
2022-01-18 09:00:00,57.86,58.81,215.86
2022-01-18 10:00:00,57.73,56.92,221.49
2022-01-18 11:00:00,52.91,52.63,190.76
2022-01-18 12:00:00,54.12,54.84,213.7
2022-01-18 13:00:00,50.74,54.13,176.2
2022-01-18 14:00:00,44.13,51.66,187.55
2022-01-18 15:00:00,44.31,52.12,174.1
2022-01-18 16:00:00,41.89,50.59,147.69
2022-01-18 17:00:00,42.15,54.85,140.38
2022-01-18 18:00:00,36.96,56.54,153.5
2022-01-18 19:00:00,40.42,57.47,143.26
2022-01-18 20:00:00,41.98,61.31,157.72
2022-01-18 21:00:00,37.76,61.2,159.82
2022-01-18 22:00:00,40.81,64.52,157.19
2022-01-18 23:00:00,41.33,63.85,164.75
2022-01-19 00:00:00,47.29,66.7,202.27
2022-01-19 01:00:00,51.69,67.36,207.33
2022-01-19 02:00:00,55.5,68.33,219.47
2022-01-19 03:00:00,54.56,67.26,242.31
2022-01-19 04:00:00,59.1,66.91,255.04
2022-01-19 05:00:00,53.93,67.16,245.57
2022-01-19 06:00:00,53.48,63.67,246.59
2022-01-19 07:00:00,56.29,60.02,253.3
2022-01-19 08:00:00,56.03,63.0,229.73
2022-01-19 09:00:00,53.47,60.37,237.59
2022-01-19 10:00:00,47.2,54.39,230.52
2022-01-19 11:00:00,48.62,55.65,219.74
2022-01-19 12:00:00,43.48,52.51,180.63
2022-01-19 13:00:00,44.73,52.77,179.45
2022-01-19 14:00:00,41.6,52.45,166.22
2022-01-19 15:00:00,36.82,51.83,165.64
2022-01-19 16:00:00,35.98,51.72,161.51
2022-01-19 17:00:00,33.8,53.05,166.67
2022-01-19 18:00:00,35.37,54.3,145.05
2022-01-19 19:00:00,37.67,56.32,146.73
2022-01-19 20:00:00,34.71,59.52,168.2
2022-01-19 21:00:00,39.22,60.63,167.61
2022-01-19 22:00:00,39.16,64.69,187.68
2022-01-19 23:00:00,41.0,67.61,189.95
2022-01-20 00:00:00,44.91,65.86,188.43
2022-01-20 01:00:00,45.6,67.98,199.61
2022-01-20 02:00:00,48.95,68.74,209.48
2022-01-20 03:00:00,49.71,68.52,241.98
2022-01-20 04:00:00,57.6,67.22,255.19
2022-01-20 05:00:00,54.73,67.03,266.79
2022-01-20 06:00:00,53.6,65.05,258.43
2022-01-20 07:00:00,55.09,60.58,259.92
2022-01-20 08:00:00,53.45,61.68,237.5
2022-01-20 09:00:00,51.66,59.63,223.79
2022-01-20 10:00:00,51.28,55.19,233.5
2022-01-20 11:00:00,49.19,54.67,217.12
2022-01-20 12:00:00,44.06,54.29,201.07
2022-01-20 13:00:00,41.43,52.06,190.93
2022-01-20 14:00:00,39.67,53.62,178.23
2022-01-20 15:00:00,33.61,55.73,177.48
2022-01-20 16:00:00,33.65,51.71,169.65
2022-01-20 17:00:00,38.49,52.01,157.15
2022-01-20 18:00:00,38.79,56.13,158.46
2022-01-20 19:00:00,35.42,58.65,156.84
2022-01-20 20:00:00,38.16,59.28,152.09
2022-01-20 21:00:00,39.32,63.88,172.21
2022-01-20 22:00:00,47.03,61.66,161.06
2022-01-20 23:00:00,45.63,66.42,197.6
2022-01-21 00:00:00,45.84,65.82,188.05
2022-01-21 01:00:00,46.89,70.2,215.8
2022-01-21 02:00:00,48.12,70.98,216.55
2022-01-21 03:00:00,53.94,66.67,240.89
2022-01-21 04:00:00,53.75,66.28,242.96
2022-01-21 05:00:00,53.55,67.21,232.35
2022-01-21 06:00:00,55.59,63.74,254.21
2022-01-21 07:00:00,54.53,62.36,242.52
2022-01-21 08:00:00,59.22,60.42,252.11
2022-01-21 09:00:00,56.17,55.42,235.37
2022-01-21 10:00:00,52.48,56.31,228.95
2022-01-21 11:00:00,53.21,53.58,203.37
2022-01-21 12:00:00,47.99,52.53,194.11
2022-01-21 13:00:00,43.69,54.54,182.47
2022-01-21 14:00:00,46.22,50.12,183.57
2022-01-21 15:00:00,42.36,53.4,181.42
2022-01-21 16:00:00,37.79,52.47,148.65
2022-01-21 17:00:00,38.67,53.66,162.47
2022-01-21 18:00:00,37.14,56.86,128.3
2022-01-21 19:00:00,36.65,58.08,139.76
2022-01-21 20:00:00,42.45,60.48,147.11
2022-01-21 21:00:00,46.19,63.16,151.12
2022-01-21 22:00:00,41.83,63.17,159.16
2022-01-21 23:00:00,48.35,64.47,191.19
2022-01-22 00:00:00,48.7,65.1,197.86
2022-01-22 01:00:00,51.8,66.38,216.74
2022-01-22 02:00:00,54.19,72.41,231.9
2022-01-22 03:00:00,55.9,69.68,238.01
2022-01-22 04:00:00,59.5,65.08,249.88
2022-01-22 05:00:00,58.93,63.93,247.6
2022-01-22 06:00:00,61.65,65.05,238.13
2022-01-22 07:00:00,60.85,63.25,258.87
2022-01-22 08:00:00,59.66,61.2,237.41
2022-01-22 09:00:00,56.91,57.91,226.0
2022-01-22 10:00:00,55.67,56.14,223.22
2022-01-22 11:00:00,56.1,55.11,203.81
2022-01-22 12:00:00,53.17,53.4,195.83
2022-01-22 13:00:00,47.79,49.05,190.5
2022-01-22 14:00:00,47.7,51.66,178.48
2022-01-22 15:00:00,47.09,50.91,155.67
2022-01-22 16:00:00,40.82,53.15,151.82
2022-01-22 17:00:00,44.4,58.56,162.45
2022-01-22 18:00:00,41.79,56.23,154.96
2022-01-22 19:00:00,44.74,57.1,172.45
2022-01-22 20:00:00,43.21,61.01,168.5
2022-01-22 21:00:00,42.85,62.43,176.09
2022-01-22 22:00:00,45.41,64.3,161.12
2022-01-22 23:00:00,51.3,66.29,194.7
2022-01-23 00:00:00,54.43,69.82,199.47
2022-01-23 01:00:00,54.8,65.92,207.43
2022-01-23 02:00:00,60.41,68.7,226.68
2022-01-23 03:00:00,57.98,66.43,244.81
2022-01-23 04:00:00,62.86,67.94,248.31
2022-01-23 05:00:00,61.66,64.54,239.51
2022-01-23 06:00:00,63.2,63.7,257.42
2022-01-23 07:00:00,64.34,61.99,241.92
2022-01-23 08:00:00,61.59,61.84,245.47
2022-01-23 09:00:00,61.02,59.67,232.32
2022-01-23 10:00:00,61.79,54.46,222.81
2022-01-23 11:00:00,56.26,54.7,220.6
2022-01-23 12:00:00,56.55,52.2,189.6
2022-01-23 13:00:00,50.07,50.49,206.51
2022-01-23 14:00:00,51.0,51.68,156.79
2022-01-23 15:00:00,50.78,51.72,158.67
2022-01-23 16:00:00,41.38,56.53,160.4
2022-01-23 17:00:00,43.74,54.73,157.55
2022-01-23 18:00:00,46.15,53.61,149.0
2022-01-23 19:00:00,44.93,56.72,151.13
2022-01-23 20:00:00,47.07,61.15,160.8
2022-01-23 21:00:00,46.69,64.84,162.33
2022-01-23 22:00:00,50.12,61.29,188.93
2022-01-23 23:00:00,52.01,62.56,195.45
2022-01-24 00:00:00,57.21,69.54,208.73
2022-01-24 01:00:00,57.93,68.21,203.28
2022-01-24 02:00:00,60.45,66.69,224.21
2022-01-24 03:00:00,60.97,68.62,232.35
2022-01-24 04:00:00,62.34,63.16,233.25
2022-01-24 05:00:00,63.38,65.92,251.9
2022-01-24 06:00:00,65.29,64.81,244.62
2022-01-24 07:00:00,63.24,63.82,254.85
2022-01-24 08:00:00,63.57,58.86,232.6
2022-01-24 09:00:00,65.46,58.42,252.55
2022-01-24 10:00:00,60.87,54.94,216.04
2022-01-24 11:00:00,55.96,55.0,215.13
2022-01-24 12:00:00,56.31,51.93,207.92
2022-01-24 13:00:00,50.39,51.77,181.35
2022-01-24 14:00:00,44.59,50.52,183.52
2022-01-24 15:00:00,44.45,53.16,152.35
2022-01-24 16:00:00,41.0,54.18,171.22
2022-01-24 17:00:00,42.9,53.73,151.85
2022-01-24 18:00:00,43.15,55.73,144.04
2022-01-24 19:00:00,46.66,55.39,148.71
2022-01-24 20:00:00,44.81,59.17,164.79
2022-01-24 21:00:00,45.15,61.63,158.8
2022-01-24 22:00:00,49.16,67.6,167.51
2022-01-24 23:00:00,45.33,63.72,184.84
2022-01-25 00:00:00,52.64,68.93,188.23
2022-01-25 01:00:00,56.13,69.12,231.15
2022-01-25 02:00:00,53.87,68.41,219.34
2022-01-25 03:00:00,61.01,70.45,243.67
2022-01-25 04:00:00,60.81,67.67,245.4
2022-01-25 05:00:00,60.12,66.5,238.45
2022-01-25 06:00:00,62.38,64.24,249.94
2022-01-25 07:00:00,65.13,64.27,256.14
2022-01-25 08:00:00,59.77,62.02,241.42
2022-01-25 09:00:00,58.13,57.36,247.29
2022-01-25 10:00:00,54.45,54.35,235.22
2022-01-25 11:00:00,51.08,54.31,222.13
2022-01-25 12:00:00,51.66,52.07,195.4
2022-01-25 13:00:00,45.51,52.28,176.26
2022-01-25 14:00:00,44.77,53.87,168.86
2022-01-25 15:00:00,41.41,51.5,166.61
2022-01-25 16:00:00,41.55,52.83,162.16
2022-01-25 17:00:00,40.08,54.17,129.99
2022-01-25 18:00:00,40.96,56.95,149.92
2022-01-25 19:00:00,38.03,54.2,153.28
2022-01-25 20:00:00,39.33,58.71,153.92
2022-01-25 21:00:00,39.32,62.02,177.56
2022-01-25 22:00:00,42.28,65.47,179.22
2022-01-25 23:00:00,46.17,64.65,200.16
2022-01-26 00:00:00,49.34,63.92,197.84
2022-01-26 01:00:00,48.41,68.55,222.32
2022-01-26 02:00:00,54.24,67.04,241.35
2022-01-26 03:00:00,57.12,66.03,248.47
2022-01-26 04:00:00,56.67,66.17,232.38
2022-01-26 05:00:00,60.44,65.64,245.76
2022-01-26 06:00:00,55.33,63.42,246.55
2022-01-26 07:00:00,53.91,59.12,253.19
2022-01-26 08:00:00,51.7,61.72,250.16
2022-01-26 09:00:00,56.53,60.21,226.97
2022-01-26 10:00:00,52.64,57.31,225.68
2022-01-26 11:00:00,48.69,52.91,192.74
2022-01-26 12:00:00,46.65,52.97,214.42
2022-01-26 13:00:00,41.14,52.37,181.94
2022-01-26 14:00:00,45.76,52.91,175.56
2022-01-26 15:00:00,38.95,53.19,161.55
2022-01-26 16:00:00,37.23,51.79,168.16
2022-01-26 17:00:00,37.37,54.21,123.33
2022-01-26 18:00:00,36.46,56.36,149.83
2022-01-26 19:00:00,36.21,59.75,150.65
2022-01-26 20:00:00,35.1,60.68,152.16
2022-01-26 21:00:00,39.15,62.89,181.91
2022-01-26 22:00:00,43.99,63.79,166.13
2022-01-26 23:00:00,45.27,67.5,194.78
2022-01-27 00:00:00,48.31,67.35,203.56
2022-01-27 01:00:00,46.65,66.33,225.56
2022-01-27 02:00:00,48.08,70.1,218.33
2022-01-27 03:00:00,51.85,68.86,228.03
2022-01-27 04:00:00,53.79,66.44,254.26
2022-01-27 05:00:00,56.85,65.2,252.55
2022-01-27 06:00:00,51.62,64.77,234.55
2022-01-27 07:00:00,57.72,63.13,242.9
2022-01-27 08:00:00,53.36,60.67,247.17
2022-01-27 09:00:00,51.25,58.76,243.73
2022-01-27 10:00:00,48.03,58.88,218.21
2022-01-27 11:00:00,44.37,56.22,183.8
2022-01-27 12:00:00,46.77,53.55,205.23
2022-01-27 13:00:00,42.73,53.79,174.86
2022-01-27 14:00:00,37.64,50.46,154.83
2022-01-27 15:00:00,35.62,52.78,136.32
2022-01-27 16:00:00,36.01,55.6,164.84
2022-01-27 17:00:00,39.1,53.76,152.99
2022-01-27 18:00:00,34.98,54.41,147.74
2022-01-27 19:00:00,32.91,56.59,165.59
2022-01-27 20:00:00,36.52,57.99,163.07
2022-01-27 21:00:00,38.15,60.53,180.81
2022-01-27 22:00:00,35.48,63.11,161.07
2022-01-27 23:00:00,43.28,63.28,186.71
2022-01-28 00:00:00,45.63,66.76,183.83
2022-01-28 01:00:00,50.19,68.97,210.65
2022-01-28 02:00:00,55.03,66.63,222.51
2022-01-28 03:00:00,55.79,70.1,241.62
2022-01-28 04:00:00,54.72,67.88,243.76
2022-01-28 05:00:00,54.18,67.46,254.53
2022-01-28 06:00:00,62.03,63.34,257.03
2022-01-28 07:00:00,56.81,63.71,269.85
2022-01-28 08:00:00,55.87,58.74,240.15
2022-01-28 09:00:00,54.36,59.63,225.95
2022-01-28 10:00:00,52.9,56.59,227.46
2022-01-28 11:00:00,49.96,55.45,204.92
2022-01-28 12:00:00,46.68,51.5,214.82
2022-01-28 13:00:00,44.32,51.04,184.23
2022-01-28 14:00:00,43.11,52.9,169.34
2022-01-28 15:00:00,40.19,50.76,159.93
2022-01-28 16:00:00,38.44,53.59,163.88
2022-01-28 17:00:00,39.26,52.03,150.13
2022-01-28 18:00:00,38.38,56.95,143.58
2022-01-28 19:00:00,42.42,55.72,168.36
2022-01-28 20:00:00,35.29,60.45,148.14
2022-01-28 21:00:00,44.55,62.64,165.0
2022-01-28 22:00:00,47.12,62.62,181.52
2022-01-28 23:00:00,43.08,66.26,170.75
2022-01-29 00:00:00,49.31,67.12,204.8
2022-01-29 01:00:00,52.03,66.81,202.39
2022-01-29 02:00:00,52.56,66.48,233.23
2022-01-29 03:00:00,56.08,64.87,225.73
2022-01-29 04:00:00,57.18,67.63,250.23
2022-01-29 05:00:00,64.09,63.57,259.35
2022-01-29 06:00:00,62.98,64.47,258.61
2022-01-29 07:00:00,63.5,62.04,250.81
2022-01-29 08:00:00,61.58,61.4,240.99
2022-01-29 09:00:00,56.46,57.84,229.59
2022-01-29 10:00:00,55.78,55.84,239.71
2022-01-29 11:00:00,55.57,55.71,205.95
2022-01-29 12:00:00,49.73,53.77,189.63
2022-01-29 13:00:00,51.17,52.85,193.71
2022-01-29 14:00:00,47.02,52.71,167.04
2022-01-29 15:00:00,44.84,49.88,155.14
2022-01-29 16:00:00,45.58,54.03,142.26
2022-01-29 17:00:00,44.2,55.0,146.87
2022-01-29 18:00:00,42.4,54.15,149.17
2022-01-29 19:00:00,45.92,57.2,154.13
2022-01-29 20:00:00,42.58,59.56,166.21
2022-01-29 21:00:00,47.7,61.5,169.91
2022-01-29 22:00:00,49.85,64.17,173.09
2022-01-29 23:00:00,50.58,67.53,185.08
2022-01-30 00:00:00,54.56,68.35,205.1
2022-01-30 01:00:00,54.11,65.65,225.67
2022-01-30 02:00:00,60.98,68.92,226.26
2022-01-30 03:00:00,60.93,69.81,230.66
2022-01-30 04:00:00,95.52,98.05,442.14
2022-01-30 05:00:00,114.22,95.26,499.17
2022-01-30 06:00:00,101.04,97.1,581.33
2022-01-30 07:00:00,61.43,63.97,254.08
2022-01-30 08:00:00,60.2,60.75,249.07
2022-01-30 09:00:00,63.0,59.86,234.07
2022-01-30 10:00:00,57.22,56.55,239.07
2022-01-30 11:00:00,60.93,54.65,208.1
2022-01-30 12:00:00,50.71,52.74,209.55
2022-01-30 13:00:00,55.72,54.72,186.67
2022-01-30 14:00:00,50.37,50.78,168.92
2022-01-30 15:00:00,47.7,54.48,170.57
2022-01-30 16:00:00,45.24,53.64,160.8
2022-01-30 17:00:00,46.14,51.98,155.27
2022-01-30 18:00:00,44.92,56.23,150.81
2022-01-30 19:00:00,47.54,54.42,151.32
2022-01-30 20:00:00,46.55,60.56,180.58
2022-01-30 21:00:00,48.2,63.03,176.49
2022-01-30 22:00:00,49.22,62.78,182.23
2022-01-30 23:00:00,52.21,65.57,188.18
2022-01-31 00:00:00,55.49,69.66,210.07
2022-01-31 01:00:00,54.0,66.86,218.12
2022-01-31 02:00:00,57.08,66.4,225.26
2022-01-31 03:00:00,63.28,70.04,232.32
2022-01-31 04:00:00,63.66,70.05,242.49
2022-01-31 05:00:00,63.87,65.92,216.59
2022-01-31 06:00:00,64.54,65.84,252.11
2022-01-31 07:00:00,64.77,64.45,243.41
2022-01-31 08:00:00,61.91,59.26,259.23
2022-01-31 09:00:00,59.75,57.57,235.55
2022-01-31 10:00:00,59.52,58.18,213.11
2022-01-31 11:00:00,54.65,57.14,212.44
2022-01-31 12:00:00,54.73,54.11,189.54
2022-01-31 13:00:00,47.8,51.06,191.79
2022-01-31 14:00:00,50.72,54.99,177.91
2022-01-31 15:00:00,47.41,51.39,174.22
2022-01-31 16:00:00,45.25,52.39,148.79
2022-01-31 17:00:00,45.57,54.6,152.04
2022-01-31 18:00:00,46.45,58.01,136.35
2022-01-31 19:00:00,45.34,58.85,158.72
2022-01-31 20:00:00,40.47,60.24,161.89
2022-01-31 21:00:00,43.03,62.4,169.6
2022-01-31 22:00:00,46.25,63.73,175.02
2022-01-31 23:00:00,49.8,66.22,191.21
2022-02-01 00:00:00,53.2,62.94,216.04
2022-02-01 01:00:00,53.14,67.18,210.09
2022-02-01 02:00:00,57.2,68.35,226.39
2022-02-01 03:00:00,57.21,66.09,224.49
2022-02-01 04:00:00,58.91,67.69,234.62
2022-02-01 05:00:00,58.14,65.61,249.27
2022-02-01 06:00:00,59.27,66.96,261.04
2022-02-01 07:00:00,57.89,64.79,245.73
2022-02-01 08:00:00,57.45,59.68,240.94
2022-02-01 09:00:00,59.74,58.07,231.29
2022-02-01 10:00:00,53.47,56.22,219.65
2022-02-01 11:00:00,58.04,53.94,215.89
2022-02-01 12:00:00,50.99,53.56,185.03
2022-02-01 13:00:00,47.59,51.24,199.87
2022-02-01 14:00:00,42.91,50.31,168.35
2022-02-01 15:00:00,43.77,53.12,171.86
2022-02-01 16:00:00,39.44,53.84,144.0
2022-02-01 17:00:00,39.66,52.88,158.39
2022-02-01 18:00:00,44.01,57.02,156.72
2022-02-01 19:00:00,38.85,56.62,155.55
2022-02-01 20:00:00,42.16,60.0,146.75
2022-02-01 21:00:00,39.87,62.93,167.14
2022-02-01 22:00:00,43.1,63.62,163.17
2022-02-01 23:00:00,48.95,66.07,184.53
2022-02-02 00:00:00,46.58,65.96,210.29
2022-02-02 01:00:00,53.88,67.33,220.91
2022-02-02 02:00:00,53.92,67.68,225.15
2022-02-02 03:00:00,53.29,66.7,225.61
2022-02-02 04:00:00,57.11,66.84,249.76
2022-02-02 05:00:00,58.64,63.59,248.49
2022-02-02 06:00:00,58.13,63.59,226.8
2022-02-02 07:00:00,53.26,62.01,256.12
2022-02-02 08:00:00,53.81,59.99,243.06
2022-02-02 09:00:00,53.04,57.93,247.38
2022-02-02 10:00:00,51.19,56.24,214.05
2022-02-02 11:00:00,50.04,55.34,181.17
2022-02-02 12:00:00,46.45,54.58,202.79
2022-02-02 13:00:00,40.72,51.4,189.97
2022-02-02 14:00:00,41.63,50.2,158.09
2022-02-02 15:00:00,39.92,50.62,154.86
2022-02-02 16:00:00,38.13,52.16,184.25
2022-02-02 17:00:00,38.08,53.55,148.65
2022-02-02 18:00:00,37.16,54.52,157.31
2022-02-02 19:00:00,36.68,55.62,145.2
2022-02-02 20:00:00,36.55,58.94,135.8
2022-02-02 21:00:00,34.89,61.98,162.94
2022-02-02 22:00:00,41.08,64.56,172.34
2022-02-02 23:00:00,43.0,64.55,183.06
2022-02-03 00:00:00,45.67,66.11,198.85
2022-02-03 01:00:00,45.12,66.23,215.58
2022-02-03 02:00:00,47.89,67.94,223.5
2022-02-03 03:00:00,54.21,66.54,222.72
2022-02-03 04:00:00,53.6,67.97,248.16
2022-02-03 05:00:00,56.03,63.24,228.8
2022-02-03 06:00:00,55.06,63.78,229.5
2022-02-03 07:00:00,54.72,62.88,255.69
2022-02-03 08:00:00,55.55,60.65,248.37
2022-02-03 09:00:00,51.07,62.34,234.78
2022-02-03 10:00:00,50.25,56.86,211.05
2022-02-03 11:00:00,46.75,53.11,205.86
2022-02-03 12:00:00,44.26,53.13,197.37
2022-02-03 13:00:00,41.96,49.71,171.1
2022-02-03 14:00:00,40.67,51.89,167.61
2022-02-03 15:00:00,37.25,50.93,171.17
2022-02-03 16:00:00,39.2,54.26,170.97
2022-02-03 17:00:00,33.97,53.26,147.51
2022-02-03 18:00:00,35.12,55.5,157.56
2022-02-03 19:00:00,35.04,56.61,132.56
2022-02-03 20:00:00,39.9,62.23,163.29
2022-02-03 21:00:00,39.09,61.22,156.61
2022-02-03 22:00:00,42.93,66.42,178.07
2022-02-03 23:00:00,40.42,66.6,184.58
2022-02-04 00:00:00,46.62,67.45,213.2
2022-02-04 01:00:00,50.58,68.17,204.2
2022-02-04 02:00:00,51.5,68.58,231.28
2022-02-04 03:00:00,55.67,64.92,232.56
2022-02-04 04:00:00,54.22,66.69,241.72
2022-02-04 05:00:00,59.22,67.19,246.46
2022-02-04 06:00:00,61.48,64.25,241.54
2022-02-04 07:00:00,55.96,60.33,248.16
2022-02-04 08:00:00,54.95,60.3,242.67
2022-02-04 09:00:00,57.32,60.85,237.77
2022-02-04 10:00:00,55.66,58.2,225.85
2022-02-04 11:00:00,49.21,54.52,220.92
2022-02-04 12:00:00,46.99,54.7,209.24
2022-02-04 13:00:00,44.85,51.83,176.55
2022-02-04 14:00:00,40.48,49.45,183.69
2022-02-04 15:00:00,39.44,50.8,152.78
2022-02-04 16:00:00,37.86,55.24,162.58
2022-02-04 17:00:00,37.51,53.67,157.9
2022-02-04 18:00:00,38.82,55.31,130.89
2022-02-04 19:00:00,39.88,57.12,152.63
2022-02-04 20:00:00,43.7,62.48,152.01
2022-02-04 21:00:00,40.37,64.14,157.06
2022-02-04 22:00:00,46.59,67.0,188.51
2022-02-04 23:00:00,46.8,65.15,180.52
2022-02-05 00:00:00,49.9,67.18,191.94
2022-02-05 01:00:00,54.12,65.35,213.7
2022-02-05 02:00:00,53.13,70.21,231.86
2022-02-05 03:00:00,58.4,66.06,233.94
2022-02-05 04:00:00,59.74,67.43,254.96
2022-02-05 05:00:00,61.57,64.27,253.61
2022-02-05 06:00:00,61.69,63.44,228.22
2022-02-05 07:00:00,65.86,61.18,243.0
2022-02-05 08:00:00,58.86,59.47,237.68
2022-02-05 09:00:00,57.66,57.49,240.15
2022-02-05 10:00:00,55.58,55.51,198.75
2022-02-05 11:00:00,53.48,55.87,238.43
2022-02-05 12:00:00,50.89,51.61,205.31
2022-02-05 13:00:00,52.13,52.71,188.55
2022-02-05 14:00:00,50.34,53.84,186.82
2022-02-05 15:00:00,44.45,51.41,188.08
2022-02-05 16:00:00,42.49,51.81,165.41
2022-02-05 17:00:00,44.25,53.74,161.19
2022-02-05 18:00:00,42.01,57.45,151.31
2022-02-05 19:00:00,44.87,57.86,150.29
2022-02-05 20:00:00,45.15,58.83,151.94
2022-02-05 21:00:00,43.43,62.43,156.38
2022-02-05 22:00:00,51.76,62.02,168.13
2022-02-05 23:00:00,54.79,66.41,173.55
2022-02-06 00:00:00,52.68,67.34,199.24
2022-02-06 01:00:00,55.84,67.16,196.09
2022-02-06 02:00:00,59.7,66.73,226.91
2022-02-06 03:00:00,61.97,66.49,234.99
2022-02-06 04:00:00,64.31,67.91,244.77
2022-02-06 05:00:00,68.1,67.76,243.07
2022-02-06 06:00:00,64.15,63.37,280.77
2022-02-06 07:00:00,62.65,63.12,261.9
2022-02-06 08:00:00,60.56,57.25,230.86
2022-02-06 09:00:00,60.33,57.42,237.68
2022-02-06 10:00:00,59.71,56.28,218.92
2022-02-06 11:00:00,61.01,53.25,202.8
2022-02-06 12:00:00,53.84,51.86,186.6
2022-02-06 13:00:00,52.77,51.38,191.38
2022-02-06 14:00:00,49.91,52.45,168.19
2022-02-06 15:00:00,50.27,51.9,174.32
2022-02-06 16:00:00,51.38,49.53,166.64
2022-02-06 17:00:00,44.28,50.9,165.44
2022-02-06 18:00:00,44.02,54.77,141.48
2022-02-06 19:00:00,47.43,58.25,156.46
2022-02-06 20:00:00,47.69,55.5,163.02
2022-02-06 21:00:00,51.59,60.95,159.9
2022-02-06 22:00:00,51.11,62.88,167.28
2022-02-06 23:00:00,51.61,67.47,203.15
2022-02-07 00:00:00,56.06,66.15,202.27
2022-02-07 01:00:00,59.64,68.2,219.3
2022-02-07 02:00:00,61.42,68.2,216.78
2022-02-07 03:00:00,62.81,64.62,223.16
2022-02-07 04:00:00,65.45,68.26,237.61
2022-02-07 05:00:00,66.58,66.24,247.06
2022-02-07 06:00:00,67.27,65.08,239.36
2022-02-07 07:00:00,65.38,68.32,248.2
2022-02-07 08:00:00,62.66,57.25,226.42
2022-02-07 09:00:00,61.6,60.88,224.15
2022-02-07 10:00:00,61.54,55.9,231.71
2022-02-07 11:00:00,54.98,55.05,218.98
2022-02-07 12:00:00,54.65,53.2,196.08
2022-02-07 13:00:00,50.41,51.74,176.88
2022-02-07 14:00:00,48.72,51.15,164.73
2022-02-07 15:00:00,49.02,52.68,160.91
2022-02-07 16:00:00,45.12,50.62,163.14
2022-02-07 17:00:00,43.7,55.21,160.99
2022-02-07 18:00:00,40.4,55.05,145.03
2022-02-07 19:00:00,44.8,55.87,140.17
2022-02-07 20:00:00,45.45,58.95,159.38
2022-02-07 21:00:00,49.92,63.59,156.41
2022-02-07 22:00:00,46.88,62.87,169.82
2022-02-07 23:00:00,50.19,65.92,200.31
2022-02-08 00:00:00,52.67,65.64,208.27
2022-02-08 01:00:00,57.74,68.76,214.52
2022-02-08 02:00:00,56.64,69.02,212.28
2022-02-08 03:00:00,59.28,70.59,237.47
2022-02-08 04:00:00,61.35,66.85,253.93
2022-02-08 05:00:00,61.33,66.92,244.54
2022-02-08 06:00:00,60.22,64.47,263.51
2022-02-08 07:00:00,60.98,64.38,261.22
2022-02-08 08:00:00,61.55,59.3,259.94
2022-02-08 09:00:00,55.58,59.41,238.41
2022-02-08 10:00:00,55.64,56.04,230.87
2022-02-08 11:00:00,51.37,54.52,227.08
2022-02-08 12:00:00,52.39,53.41,204.47
2022-02-08 13:00:00,44.18,52.76,182.05
2022-02-08 14:00:00,43.51,51.83,170.51
2022-02-08 15:00:00,43.12,52.51,167.03
2022-02-08 16:00:00,43.73,55.26,143.79
2022-02-08 17:00:00,39.28,55.56,150.27
2022-02-08 18:00:00,37.78,56.98,160.97
2022-02-08 19:00:00,42.81,56.88,129.79
2022-02-08 20:00:00,36.97,58.29,172.04
2022-02-08 21:00:00,36.88,63.14,175.87
2022-02-08 22:00:00,44.05,64.98,170.4
2022-02-08 23:00:00,44.41,67.59,192.49
2022-02-09 00:00:00,45.79,65.83,200.03
2022-02-09 01:00:00,51.67,67.28,225.24
2022-02-09 02:00:00,52.99,65.53,234.83
2022-02-09 03:00:00,53.28,67.23,221.35
2022-02-09 04:00:00,53.28,68.6,249.17
2022-02-09 05:00:00,58.44,65.22,246.24
2022-02-09 06:00:00,58.18,65.28,250.83
2022-02-09 07:00:00,56.2,62.15,241.01
2022-02-09 08:00:00,58.95,60.86,260.78
2022-02-09 09:00:00,51.4,56.57,245.76
2022-02-09 10:00:00,48.28,56.46,217.6
2022-02-09 11:00:00,47.41,50.13,199.59
2022-02-09 12:00:00,46.0,52.99,196.14
2022-02-09 13:00:00,43.88,49.93,191.4
2022-02-09 14:00:00,40.39,53.82,177.4
2022-02-09 15:00:00,39.4,53.35,177.18
2022-02-09 16:00:00,34.51,53.59,164.6
2022-02-09 17:00:00,38.81,56.36,161.4
2022-02-09 18:00:00,35.33,54.25,153.27
2022-02-09 19:00:00,37.99,60.19,137.81
2022-02-09 20:00:00,37.37,61.02,154.74
2022-02-09 21:00:00,39.12,61.35,175.25
2022-02-09 22:00:00,41.36,65.37,174.48
2022-02-09 23:00:00,43.48,63.72,192.09
2022-02-10 00:00:00,46.41,65.49,196.81
2022-02-10 01:00:00,50.33,66.71,202.64
2022-02-10 02:00:00,50.45,67.2,223.77
2022-02-10 03:00:00,53.52,66.23,238.45
2022-02-10 04:00:00,53.49,68.94,236.74
2022-02-10 05:00:00,57.54,65.53,245.94
2022-02-10 06:00:00,53.65,64.85,240.61
2022-02-10 07:00:00,58.26,61.58,259.49
2022-02-10 08:00:00,53.59,57.65,240.36
2022-02-10 09:00:00,49.24,58.7,249.88
2022-02-10 10:00:00,50.31,53.46,240.29
2022-02-10 11:00:00,46.31,54.51,212.13
2022-02-10 12:00:00,46.81,51.22,189.92
2022-02-10 13:00:00,41.28,55.36,166.2
2022-02-10 14:00:00,39.33,53.38,160.28
2022-02-10 15:00:00,34.43,52.34,150.91
2022-02-10 16:00:00,35.78,54.79,170.48
2022-02-10 17:00:00,30.91,52.81,152.86
2022-02-10 18:00:00,32.33,56.49,153.9
2022-02-10 19:00:00,37.44,57.87,129.5
2022-02-10 20:00:00,38.58,60.02,144.72
2022-02-10 21:00:00,39.55,63.61,173.52
2022-02-10 22:00:00,38.93,64.77,177.87
2022-02-10 23:00:00,43.29,65.82,185.59
2022-02-11 00:00:00,46.08,64.25,205.65
2022-02-11 01:00:00,46.48,66.18,229.3
2022-02-11 02:00:00,54.34,67.81,222.79
2022-02-11 03:00:00,55.29,67.96,236.05
2022-02-11 04:00:00,54.82,65.41,245.23
2022-02-11 05:00:00,56.45,69.53,272.22
2022-02-11 06:00:00,57.3,66.6,229.01
2022-02-11 07:00:00,52.61,63.34,255.13
2022-02-11 08:00:00,55.35,60.49,242.15
2022-02-11 09:00:00,53.05,57.98,241.02
2022-02-11 10:00:00,50.5,54.9,218.43
2022-02-11 11:00:00,49.69,54.73,212.45
2022-02-11 12:00:00,51.43,53.65,207.11
2022-02-11 13:00:00,46.69,50.52,218.19
2022-02-11 14:00:00,42.03,52.51,183.08
2022-02-11 15:00:00,42.42,51.95,156.16
2022-02-11 16:00:00,42.66,50.03,152.46
2022-02-11 17:00:00,40.9,52.79,147.17
2022-02-11 18:00:00,39.01,55.06,132.04
2022-02-11 19:00:00,38.12,60.4,148.4
2022-02-11 20:00:00,41.99,60.46,164.03
2022-02-11 21:00:00,43.16,59.7,151.9
2022-02-11 22:00:00,46.42,64.4,185.48
2022-02-11 23:00:00,48.5,63.06,191.94
2022-02-12 00:00:00,52.1,68.36,192.66
2022-02-12 01:00:00,51.7,66.91,211.53
2022-02-12 02:00:00,58.01,67.85,240.98
2022-02-12 03:00:00,58.03,69.81,242.69
2022-02-12 04:00:00,63.56,65.18,243.39
2022-02-12 05:00:00,59.21,63.82,245.92
2022-02-12 06:00:00,64.58,63.45,250.77
2022-02-12 07:00:00,61.35,63.99,243.18
2022-02-12 08:00:00,58.83,58.1,222.25
2022-02-12 09:00:00,57.75,54.05,255.78
2022-02-12 10:00:00,56.19,55.65,226.55
2022-02-12 11:00:00,55.44,55.44,216.92
2022-02-12 12:00:00,53.22,55.07,199.42
2022-02-12 13:00:00,48.6,51.68,179.71
2022-02-12 14:00:00,47.45,51.39,173.14
2022-02-12 15:00:00,49.87,53.91,148.65
2022-02-12 16:00:00,47.61,50.09,179.47
2022-02-12 17:00:00,44.18,53.5,139.36
2022-02-12 18:00:00,43.19,55.96,139.68
2022-02-12 19:00:00,43.84,58.24,147.3
2022-02-12 20:00:00,45.97,58.86,169.58
2022-02-12 21:00:00,44.42,61.76,164.79
2022-02-12 22:00:00,48.15,59.94,162.64
2022-02-12 23:00:00,47.86,64.4,199.6
2022-02-13 00:00:00,54.71,67.41,207.31
2022-02-13 01:00:00,57.91,66.15,218.33
2022-02-13 02:00:00,58.16,68.08,232.16
2022-02-13 03:00:00,64.45,68.49,259.3
2022-02-13 04:00:00,60.54,66.6,265.15
2022-02-13 05:00:00,61.15,66.17,241.43
2022-02-13 06:00:00,64.95,62.88,266.24
2022-02-13 07:00:00,66.34,62.12,252.13
2022-02-13 08:00:00,66.68,61.29,248.29
2022-02-13 09:00:00,60.87,58.53,218.43
2022-02-13 10:00:00,61.94,55.45,223.3
2022-02-13 11:00:00,57.34,54.95,204.81
2022-02-13 12:00:00,54.53,54.34,208.28
2022-02-13 13:00:00,54.09,49.3,197.77
2022-02-13 14:00:00,51.25,53.75,154.26
2022-02-13 15:00:00,44.74,51.68,164.42
2022-02-13 16:00:00,49.28,53.53,167.92
2022-02-13 17:00:00,48.1,55.88,149.84
2022-02-13 18:00:00,43.75,53.62,157.29
2022-02-13 19:00:00,46.13,56.5,155.22
2022-02-13 20:00:00,47.31,59.19,160.12
2022-02-13 21:00:00,48.42,60.53,161.93
2022-02-13 22:00:00,48.84,66.27,162.83
2022-02-13 23:00:00,50.98,64.1,175.84
2022-02-14 00:00:00,54.82,65.9,207.09
2022-02-14 01:00:00,59.76,67.93,213.14
2022-02-14 02:00:00,60.87,66.19,223.61
2022-02-14 03:00:00,61.05,67.22,231.12
2022-02-14 04:00:00,64.86,67.59,240.25
2022-02-14 05:00:00,58.54,65.42,258.77
2022-02-14 06:00:00,66.8,64.18,246.65
2022-02-14 07:00:00,60.6,61.64,234.89
2022-02-14 08:00:00,62.27,58.11,250.74
2022-02-14 09:00:00,59.07,58.78,233.31
2022-02-14 10:00:00,56.54,58.96,225.31
2022-02-14 11:00:00,58.93,54.64,229.02
2022-02-14 12:00:00,52.97,53.61,199.79
2022-02-14 13:00:00,51.89,53.42,189.95
2022-02-14 14:00:00,48.57,50.1,163.21
2022-02-14 15:00:00,47.42,54.74,162.45
2022-02-14 16:00:00,44.89,53.19,162.79
2022-02-14 17:00:00,41.04,56.53,136.15
2022-02-14 18:00:00,45.11,54.58,152.01
2022-02-14 19:00:00,42.32,60.29,152.71
2022-02-14 20:00:00,41.04,60.79,157.11
2022-02-14 21:00:00,44.73,62.53,175.02
2022-02-14 22:00:00,50.5,64.02,178.34
2022-02-14 23:00:00,51.45,65.01,201.84
2022-02-15 00:00:00,51.47,68.53,190.06
2022-02-15 01:00:00,53.89,67.83,214.3
2022-02-15 02:00:00,56.18,65.04,225.84
2022-02-15 03:00:00,62.88,66.14,224.66
2022-02-15 04:00:00,60.9,66.83,252.86
2022-02-15 05:00:00,61.81,66.38,271.54
2022-02-15 06:00:00,63.17,64.24,249.83
2022-02-15 07:00:00,61.07,64.26,253.35
2022-02-15 08:00:00,58.89,57.45,244.15
2022-02-15 09:00:00,57.24,58.51,228.22
2022-02-15 10:00:00,55.23,53.6,206.79
2022-02-15 11:00:00,52.7,55.76,205.88
2022-02-15 12:00:00,51.46,53.13,186.08
2022-02-15 13:00:00,47.33,53.01,204.1
2022-02-15 14:00:00,46.09,50.71,173.85
2022-02-15 15:00:00,42.21,54.1,161.19
2022-02-15 16:00:00,40.75,54.45,165.59
2022-02-15 17:00:00,35.41,54.96,140.49
2022-02-15 18:00:00,40.72,55.48,142.33
2022-02-15 19:00:00,39.74,58.44,152.38
2022-02-15 20:00:00,41.86,58.56,166.99
2022-02-15 21:00:00,35.49,62.99,169.66
2022-02-15 22:00:00,47.35,66.14,177.48
2022-02-15 23:00:00,45.13,66.99,187.84
2022-02-16 00:00:00,50.05,65.64,204.0
2022-02-16 01:00:00,48.17,68.16,214.96
2022-02-16 02:00:00,53.73,66.05,214.7
2022-02-16 03:00:00,52.3,68.68,235.82
2022-02-16 04:00:00,54.6,67.79,232.56
2022-02-16 05:00:00,60.52,63.11,249.11
2022-02-16 06:00:00,56.5,62.58,245.19
2022-02-16 07:00:00,56.83,62.01,273.69
2022-02-16 08:00:00,57.0,59.93,242.9
2022-02-16 09:00:00,54.53,56.48,221.31
2022-02-16 10:00:00,51.64,56.91,223.66
2022-02-16 11:00:00,49.53,54.99,218.13
2022-02-16 12:00:00,50.9,52.98,216.73
2022-02-16 13:00:00,43.27,51.25,181.16
2022-02-16 14:00:00,41.27,53.58,159.18
2022-02-16 15:00:00,40.8,54.67,172.81
2022-02-16 16:00:00,39.22,52.17,142.89
2022-02-16 17:00:00,38.29,53.16,147.34
2022-02-16 18:00:00,36.77,56.41,147.42
2022-02-16 19:00:00,33.47,57.03,151.01
2022-02-16 20:00:00,39.95,59.41,163.59
2022-02-16 21:00:00,35.92,62.81,157.81
2022-02-16 22:00:00,40.83,60.8,172.26
2022-02-16 23:00:00,41.07,67.36,186.92
2022-02-17 00:00:00,45.0,66.84,201.5
2022-02-17 01:00:00,48.33,67.0,213.92
2022-02-17 02:00:00,50.7,67.86,229.36
2022-02-17 03:00:00,52.95,67.76,243.79
2022-02-17 04:00:00,56.9,64.51,247.23
2022-02-17 05:00:00,55.57,68.16,252.83
2022-02-17 06:00:00,54.51,64.38,234.18
2022-02-17 07:00:00,56.59,63.1,248.8
2022-02-17 08:00:00,56.05,61.8,248.1
2022-02-17 09:00:00,49.65,56.76,242.64
2022-02-17 10:00:00,51.25,57.04,218.08
2022-02-17 11:00:00,49.08,54.21,206.35
2022-02-17 12:00:00,44.53,54.54,194.26
2022-02-17 13:00:00,45.33,49.19,192.42
2022-02-17 14:00:00,39.92,51.86,185.34
2022-02-17 15:00:00,38.46,51.28,160.57
2022-02-17 16:00:00,36.34,53.54,165.78
2022-02-17 17:00:00,35.79,54.79,152.94
2022-02-17 18:00:00,33.3,54.62,148.76
2022-02-17 19:00:00,33.04,56.5,149.59
2022-02-17 20:00:00,40.2,59.46,164.16
2022-02-17 21:00:00,37.0,60.36,167.9
2022-02-17 22:00:00,38.89,64.93,197.76
2022-02-17 23:00:00,39.08,64.83,178.54
2022-02-18 00:00:00,44.81,62.37,205.18
2022-02-18 01:00:00,46.15,67.06,207.65
2022-02-18 02:00:00,54.62,66.43,216.31
2022-02-18 03:00:00,55.56,65.37,235.25
2022-02-18 04:00:00,53.88,65.25,244.67
2022-02-18 05:00:00,60.9,66.08,277.48
2022-02-18 06:00:00,58.85,66.32,248.16
2022-02-18 07:00:00,56.04,62.9,236.99
2022-02-18 08:00:00,50.84,59.47,246.03
2022-02-18 09:00:00,58.99,58.98,214.61
2022-02-18 10:00:00,49.72,55.64,224.08
2022-02-18 11:00:00,46.96,53.57,213.1
2022-02-18 12:00:00,49.88,51.54,207.95
2022-02-18 13:00:00,50.29,49.75,196.8
2022-02-18 14:00:00,45.94,51.42,169.96
2022-02-18 15:00:00,42.41,52.42,163.14
2022-02-18 16:00:00,41.06,52.75,149.04
2022-02-18 17:00:00,40.75,53.46,140.42
2022-02-18 18:00:00,40.41,54.26,153.1
2022-02-18 19:00:00,39.97,58.48,138.97
2022-02-18 20:00:00,40.8,57.65,152.55
2022-02-18 21:00:00,42.24,62.87,154.69
2022-02-18 22:00:00,43.12,62.17,180.5
2022-02-18 23:00:00,46.66,64.26,205.07
2022-02-19 00:00:00,46.61,64.53,186.98
2022-02-19 01:00:00,52.58,66.87,194.41
2022-02-19 02:00:00,53.4,69.45,223.75
2022-02-19 03:00:00,55.42,68.59,235.51
2022-02-19 04:00:00,59.77,68.58,245.49
2022-02-19 05:00:00,63.37,66.7,243.83
2022-02-19 06:00:00,62.95,62.67,247.99
2022-02-19 07:00:00,57.81,61.94,251.97
2022-02-19 08:00:00,58.15,59.21,253.71
2022-02-19 09:00:00,60.6,60.29,215.8
2022-02-19 10:00:00,54.86,54.54,221.31
2022-02-19 11:00:00,54.14,55.96,215.08
2022-02-19 12:00:00,53.27,54.61,190.82
2022-02-19 13:00:00,47.81,55.12,204.37
2022-02-19 14:00:00,47.71,51.39,168.65
2022-02-19 15:00:00,42.92,53.25,164.23
2022-02-19 16:00:00,42.95,56.31,162.26
2022-02-19 17:00:00,43.95,53.16,145.79
2022-02-19 18:00:00,39.93,53.38,131.53
2022-02-19 19:00:00,44.48,54.75,147.42
2022-02-19 20:00:00,44.7,60.69,166.99
2022-02-19 21:00:00,47.57,58.88,161.28
2022-02-19 22:00:00,49.11,63.11,166.54
2022-02-19 23:00:00,53.93,66.04,196.32
2022-02-20 00:00:00,89.07,100.35,407.96
2022-02-20 01:00:00,94.72,94.87,412.62
2022-02-20 02:00:00,59.38,68.32,226.49
2022-02-20 03:00:00,62.39,69.73,243.06
2022-02-20 04:00:00,63.09,65.68,267.12
2022-02-20 05:00:00,64.16,64.9,256.57
2022-02-20 06:00:00,63.1,63.16,261.6
2022-02-20 07:00:00,62.92,63.68,243.24
2022-02-20 08:00:00,60.51,61.73,233.04
2022-02-20 09:00:00,65.29,58.97,235.98
2022-02-20 10:00:00,57.29,58.11,226.07
2022-02-20 11:00:00,56.03,52.85,202.16
2022-02-20 12:00:00,53.44,55.77,198.25
2022-02-20 13:00:00,54.11,54.66,191.05
2022-02-20 14:00:00,49.35,53.11,178.6
2022-02-20 15:00:00,50.39,54.86,169.69
2022-02-20 16:00:00,44.98,50.41,159.61
2022-02-20 17:00:00,45.9,53.3,146.63
2022-02-20 18:00:00,43.33,54.57,144.86
2022-02-20 19:00:00,49.63,58.65,139.71
2022-02-20 20:00:00,43.95,58.05,174.55
2022-02-20 21:00:00,48.52,62.84,164.78
2022-02-20 22:00:00,51.21,65.72,172.75
2022-02-20 23:00:00,53.15,66.43,177.77
2022-02-21 00:00:00,54.5,67.16,229.36
2022-02-21 01:00:00,57.16,66.14,202.21
2022-02-21 02:00:00,59.87,66.72,220.71
2022-02-21 03:00:00,61.5,69.69,239.51
2022-02-21 04:00:00,65.24,68.28,249.3
2022-02-21 05:00:00,68.66,65.86,257.88
2022-02-21 06:00:00,63.39,63.7,268.08
2022-02-21 07:00:00,61.34,59.39,253.36
2022-02-21 08:00:00,62.81,58.77,232.74
2022-02-21 09:00:00,66.46,61.16,232.79
2022-02-21 10:00:00,57.52,54.41,228.08
2022-02-21 11:00:00,59.89,54.9,233.62
2022-02-21 12:00:00,57.26,54.78,186.02
2022-02-21 13:00:00,50.09,50.5,199.08
2022-02-21 14:00:00,49.8,52.29,176.8
2022-02-21 15:00:00,49.72,53.59,173.02
2022-02-21 16:00:00,43.98,52.91,155.68
2022-02-21 17:00:00,43.2,58.39,143.28
2022-02-21 18:00:00,41.95,53.17,157.51
2022-02-21 19:00:00,41.28,59.16,158.25
2022-02-21 20:00:00,42.86,59.36,166.42
2022-02-21 21:00:00,43.14,62.86,164.51
2022-02-21 22:00:00,47.57,64.33,169.0
2022-02-21 23:00:00,48.21,64.28,171.47
2022-02-22 00:00:00,52.64,67.08,208.19
2022-02-22 01:00:00,51.48,64.83,217.18
2022-02-22 02:00:00,57.49,68.9,215.34
2022-02-22 03:00:00,60.39,68.26,229.97
2022-02-22 04:00:00,56.15,68.07,238.63
2022-02-22 05:00:00,61.7,67.5,233.47
2022-02-22 06:00:00,63.57,64.87,241.82
2022-02-22 07:00:00,58.17,62.65,236.96
2022-02-22 08:00:00,62.75,59.06,239.18
2022-02-22 09:00:00,58.47,57.23,227.97
2022-02-22 10:00:00,53.96,58.11,208.73
2022-02-22 11:00:00,52.66,56.77,233.17
2022-02-22 12:00:00,51.12,52.91,212.53
2022-02-22 13:00:00,47.38,52.45,179.27
2022-02-22 14:00:00,45.7,50.65,177.72
2022-02-22 15:00:00,40.53,53.94,168.82
2022-02-22 16:00:00,40.93,53.89,168.61
2022-02-22 17:00:00,36.58,56.99,143.52
2022-02-22 18:00:00,38.66,54.36,160.92
2022-02-22 19:00:00,37.24,57.0,146.22
2022-02-22 20:00:00,38.39,59.97,143.34
2022-02-22 21:00:00,43.75,62.67,171.89
2022-02-22 22:00:00,45.36,63.35,187.91
2022-02-22 23:00:00,46.63,64.07,212.94
2022-02-23 00:00:00,45.65,68.05,188.0
2022-02-23 01:00:00,49.62,68.7,219.93
2022-02-23 02:00:00,54.93,66.62,220.9
2022-02-23 03:00:00,54.69,69.85,243.19
2022-02-23 04:00:00,60.48,68.86,228.6
2022-02-23 05:00:00,57.48,66.12,235.67
2022-02-23 06:00:00,57.27,64.44,242.24
2022-02-23 07:00:00,55.78,63.26,249.09
2022-02-23 08:00:00,55.53,59.08,236.89
2022-02-23 09:00:00,53.23,58.34,241.95
2022-02-23 10:00:00,52.75,53.1,235.27
2022-02-23 11:00:00,50.71,55.93,218.94
2022-02-23 12:00:00,44.52,50.93,216.19
2022-02-23 13:00:00,40.73,54.63,191.22
2022-02-23 14:00:00,37.2,51.51,162.83
2022-02-23 15:00:00,39.71,51.87,178.28
2022-02-23 16:00:00,34.8,51.95,150.65
2022-02-23 17:00:00,31.61,53.65,160.81
2022-02-23 18:00:00,36.27,57.81,165.74
2022-02-23 19:00:00,40.74,53.84,156.27
2022-02-23 20:00:00,36.67,61.54,141.74
2022-02-23 21:00:00,39.89,62.21,155.46
2022-02-23 22:00:00,40.39,61.86,188.23
2022-02-23 23:00:00,42.38,63.77,185.37
2022-02-24 00:00:00,46.96,69.25,200.8
2022-02-24 01:00:00,47.09,66.2,220.53
2022-02-24 02:00:00,50.59,66.26,231.96
2022-02-24 03:00:00,52.75,69.52,238.14
2022-02-24 04:00:00,52.34,67.62,241.21
2022-02-24 05:00:00,56.65,64.51,245.17
2022-02-24 06:00:00,54.65,64.65,258.58
2022-02-24 07:00:00,53.15,60.89,253.83
2022-02-24 08:00:00,54.75,62.03,240.73
2022-02-24 09:00:00,50.31,59.89,246.18
2022-02-24 10:00:00,50.11,57.13,223.71
2022-02-24 11:00:00,47.66,55.16,204.42
2022-02-24 12:00:00,47.3,55.91,192.41
2022-02-24 13:00:00,43.53,52.38,177.27
2022-02-24 14:00:00,40.17,50.24,172.28
2022-02-24 15:00:00,39.85,52.86,176.98
2022-02-24 16:00:00,39.47,56.02,148.65
2022-02-24 17:00:00,36.87,52.56,153.59
2022-02-24 18:00:00,35.52,55.14,143.43
2022-02-24 19:00:00,33.3,58.19,149.1
2022-02-24 20:00:00,34.88,59.54,141.6
2022-02-24 21:00:00,38.08,60.23,162.44
2022-02-24 22:00:00,39.65,65.35,173.06
2022-02-24 23:00:00,43.01,68.86,192.46
2022-02-25 00:00:00,46.2,67.03,202.23
2022-02-25 01:00:00,49.86,66.27,200.96
2022-02-25 02:00:00,51.19,65.67,235.84
2022-02-25 03:00:00,54.51,68.2,237.46
2022-02-25 04:00:00,55.39,68.77,245.29
2022-02-25 05:00:00,52.45,66.63,248.2
2022-02-25 06:00:00,55.0,64.32,244.82
2022-02-25 07:00:00,56.4,61.55,250.47
2022-02-25 08:00:00,53.42,58.74,248.06
2022-02-25 09:00:00,55.61,59.55,217.89
2022-02-25 10:00:00,55.56,57.7,219.61
2022-02-25 11:00:00,52.69,52.3,210.39
2022-02-25 12:00:00,47.4,55.65,202.56
2022-02-25 13:00:00,48.39,53.24,198.99
2022-02-25 14:00:00,43.47,54.11,167.28
2022-02-25 15:00:00,40.6,50.17,159.67
2022-02-25 16:00:00,38.64,50.84,151.57
2022-02-25 17:00:00,38.44,53.86,143.69
2022-02-25 18:00:00,38.11,56.43,146.53
2022-02-25 19:00:00,39.75,60.26,159.41
2022-02-25 20:00:00,40.92,60.68,146.16
2022-02-25 21:00:00,42.38,61.34,168.92
2022-02-25 22:00:00,45.5,62.13,157.98
2022-02-25 23:00:00,49.61,67.23,181.45
2022-02-26 00:00:00,51.9,65.28,196.71
2022-02-26 01:00:00,49.81,70.06,229.69
2022-02-26 02:00:00,50.27,67.56,222.25
2022-02-26 03:00:00,59.5,70.2,213.34
2022-02-26 04:00:00,56.67,68.13,223.31
2022-02-26 05:00:00,60.14,65.71,248.64
2022-02-26 06:00:00,58.77,63.54,256.14
2022-02-26 07:00:00,57.35,61.92,252.05
2022-02-26 08:00:00,61.22,61.02,244.98
2022-02-26 09:00:00,60.24,58.41,246.98
2022-02-26 10:00:00,55.67,55.44,219.6
2022-02-26 11:00:00,49.41,54.37,221.89
2022-02-26 12:00:00,51.08,53.39,183.68
2022-02-26 13:00:00,50.53,49.19,178.01
2022-02-26 14:00:00,44.54,52.7,156.93
2022-02-26 15:00:00,45.96,50.71,161.9
2022-02-26 16:00:00,44.13,51.16,156.24
2022-02-26 17:00:00,44.47,51.55,152.84
2022-02-26 18:00:00,43.36,52.99,150.62
2022-02-26 19:00:00,41.66,55.53,142.43
2022-02-26 20:00:00,47.13,58.56,154.8
2022-02-26 21:00:00,46.15,64.63,149.67
2022-02-26 22:00:00,48.61,62.88,188.63
2022-02-26 23:00:00,49.34,65.65,184.02
2022-02-27 00:00:00,53.02,67.33,195.11
2022-02-27 01:00:00,54.84,67.82,228.83
2022-02-27 02:00:00,58.79,67.87,212.58
2022-02-27 03:00:00,64.73,66.02,224.1
2022-02-27 04:00:00,60.25,69.29,232.34
2022-02-27 05:00:00,60.85,68.63,247.62
2022-02-27 06:00:00,67.45,61.8,254.32
2022-02-27 07:00:00,63.82,60.9,255.69
2022-02-27 08:00:00,61.98,59.96,269.02
2022-02-27 09:00:00,63.87,56.85,212.86
2022-02-27 10:00:00,58.57,57.09,231.09
2022-02-27 11:00:00,61.07,53.52,207.37
2022-02-27 12:00:00,56.23,56.52,194.14
2022-02-27 13:00:00,51.35,54.16,180.86
2022-02-27 14:00:00,54.26,52.33,165.91
2022-02-27 15:00:00,46.69,53.72,181.49
2022-02-27 16:00:00,47.81,54.55,165.12
2022-02-27 17:00:00,45.94,53.24,151.94
2022-02-27 18:00:00,47.6,54.45,163.51
2022-02-27 19:00:00,48.46,57.68,136.58
2022-02-27 20:00:00,46.39,60.92,143.39
2022-02-27 21:00:00,46.39,61.91,142.86
2022-02-27 22:00:00,50.86,61.3,168.01
2022-02-27 23:00:00,50.97,64.18,188.68
2022-02-28 00:00:00,58.9,66.62,201.03
2022-02-28 01:00:00,57.69,67.51,214.43
2022-02-28 02:00:00,59.05,70.95,210.89
2022-02-28 03:00:00,62.16,65.74,243.39
2022-02-28 04:00:00,60.62,67.87,245.7
2022-02-28 05:00:00,62.3,68.15,255.63
2022-02-28 06:00:00,66.91,67.73,231.07
2022-02-28 07:00:00,62.77,61.83,251.41
2022-02-28 08:00:00,60.9,61.11,231.42
2022-02-28 09:00:00,62.38,59.15,231.38
2022-02-28 10:00:00,61.5,56.62,230.34
2022-02-28 11:00:00,58.05,54.47,213.85
2022-02-28 12:00:00,55.9,53.92,191.48
2022-02-28 13:00:00,49.69,48.58,187.12
2022-02-28 14:00:00,45.82,53.03,159.68
2022-02-28 15:00:00,49.47,52.37,176.15
2022-02-28 16:00:00,44.1,52.56,154.65
2022-02-28 17:00:00,43.1,57.15,162.89
2022-02-28 18:00:00,45.77,54.67,144.73
2022-02-28 19:00:00,44.42,56.96,146.47
2022-02-28 20:00:00,45.07,62.61,149.06
2022-02-28 21:00:00,49.92,60.46,173.41
2022-02-28 22:00:00,46.21,62.84,167.91
2022-02-28 23:00:00,51.6,65.16,193.51
2022-03-01 00:00:00,52.28,67.99,196.18
2022-03-01 01:00:00,55.12,67.93,193.18
2022-03-01 02:00:00,59.88,66.05,219.3
2022-03-01 03:00:00,59.74,67.02,223.56
2022-03-01 04:00:00,61.21,66.2,243.64
2022-03-01 05:00:00,63.1,65.8,236.39
2022-03-01 06:00:00,60.38,64.96,259.26
2022-03-01 07:00:00,58.91,63.06,247.39
2022-03-01 08:00:00,57.32,57.71,241.53
2022-03-01 09:00:00,53.7,59.89,241.91
2022-03-01 10:00:00,59.49,56.71,234.64
2022-03-01 11:00:00,50.57,56.69,212.74
2022-03-01 12:00:00,49.56,53.93,192.29
2022-03-01 13:00:00,46.67,54.03,169.32
2022-03-01 14:00:00,45.24,52.71,168.14
2022-03-01 15:00:00,44.0,54.2,158.47
2022-03-01 16:00:00,42.32,53.67,157.77
2022-03-01 17:00:00,38.25,53.94,148.25
2022-03-01 18:00:00,38.55,59.09,156.88
2022-03-01 19:00:00,39.61,58.9,145.57
2022-03-01 20:00:00,39.37,60.48,156.13
2022-03-01 21:00:00,44.49,59.79,176.48
2022-03-01 22:00:00,44.16,61.74,178.42
2022-03-01 23:00:00,46.88,65.82,186.46
2022-03-02 00:00:00,49.16,66.95,193.98
2022-03-02 01:00:00,52.6,66.7,206.61
2022-03-02 02:00:00,52.86,68.2,216.49
2022-03-02 03:00:00,51.82,70.2,229.95
2022-03-02 04:00:00,56.64,68.15,250.86
2022-03-02 05:00:00,55.39,64.21,246.08
2022-03-02 06:00:00,55.83,64.16,236.5
2022-03-02 07:00:00,57.57,61.23,265.98
2022-03-02 08:00:00,57.74,59.8,246.5
2022-03-02 09:00:00,53.58,57.68,221.29
2022-03-02 10:00:00,51.95,55.61,220.58
2022-03-02 11:00:00,52.2,52.73,214.05
2022-03-02 12:00:00,46.57,53.08,217.05
2022-03-02 13:00:00,48.59,51.54,175.98
2022-03-02 14:00:00,42.0,47.61,184.76
2022-03-02 15:00:00,35.17,55.26,178.64
2022-03-02 16:00:00,38.52,54.52,150.41
2022-03-02 17:00:00,36.68,53.52,148.93
2022-03-02 18:00:00,38.07,55.71,139.64
2022-03-02 19:00:00,37.1,55.81,149.67
2022-03-02 20:00:00,36.41,62.17,156.33
2022-03-02 21:00:00,35.76,64.55,171.24
2022-03-02 22:00:00,39.8,63.9,185.9
2022-03-02 23:00:00,40.88,66.92,179.58
2022-03-03 00:00:00,43.96,66.99,180.33
2022-03-03 01:00:00,48.85,65.62,212.73
2022-03-03 02:00:00,53.4,67.37,227.94
2022-03-03 03:00:00,52.89,68.01,237.85
2022-03-03 04:00:00,51.28,66.43,240.03
2022-03-03 05:00:00,55.55,65.59,249.54
2022-03-03 06:00:00,57.39,64.19,265.15
2022-03-03 07:00:00,53.44,62.31,252.11
2022-03-03 08:00:00,53.41,60.46,239.57
2022-03-03 09:00:00,52.13,56.71,230.35
2022-03-03 10:00:00,48.49,55.26,223.3
2022-03-03 11:00:00,48.97,52.69,229.31
2022-03-03 12:00:00,44.88,54.73,198.17
2022-03-03 13:00:00,43.42,49.22,186.86
2022-03-03 14:00:00,38.45,53.74,170.18
2022-03-03 15:00:00,37.33,54.26,175.63
2022-03-03 16:00:00,38.13,52.44,176.3
2022-03-03 17:00:00,35.01,50.18,156.21
2022-03-03 18:00:00,38.95,55.14,150.83
2022-03-03 19:00:00,35.12,57.47,152.07
2022-03-03 20:00:00,37.46,58.11,132.86
2022-03-03 21:00:00,40.56,60.93,172.1
2022-03-03 22:00:00,38.03,65.96,176.34
2022-03-03 23:00:00,39.87,66.38,191.34
2022-03-04 00:00:00,43.04,65.34,192.89
2022-03-04 01:00:00,51.32,65.22,209.1
2022-03-04 02:00:00,50.23,67.5,220.89
2022-03-04 03:00:00,58.65,67.5,245.57
2022-03-04 04:00:00,54.13,67.85,239.51
2022-03-04 05:00:00,56.77,65.11,269.12
2022-03-04 06:00:00,59.97,65.09,254.31
2022-03-04 07:00:00,60.7,65.34,235.54
2022-03-04 08:00:00,59.97,61.6,242.02
2022-03-04 09:00:00,56.83,58.22,228.84
2022-03-04 10:00:00,54.55,56.06,203.06
2022-03-04 11:00:00,51.44,54.08,228.94
2022-03-04 12:00:00,85.8,88.56,497.04
2022-03-04 13:00:00,89.2,82.7,458.93
2022-03-04 14:00:00,90.96,79.41,464.31
2022-03-04 15:00:00,80.03,81.31,403.36
2022-03-04 16:00:00,39.53,52.14,151.86
2022-03-04 17:00:00,38.14,52.02,160.12
2022-03-04 18:00:00,40.28,56.16,139.49
2022-03-04 19:00:00,41.32,57.48,126.39
2022-03-04 20:00:00,40.77,60.37,154.43
2022-03-04 21:00:00,45.32,60.9,163.23
2022-03-04 22:00:00,42.34,65.5,176.36
2022-03-04 23:00:00,46.84,64.07,194.34
2022-03-05 00:00:00,48.57,69.3,206.38
2022-03-05 01:00:00,49.04,65.0,215.53
2022-03-05 02:00:00,55.21,68.64,236.96
2022-03-05 03:00:00,57.39,68.53,220.17
2022-03-05 04:00:00,62.43,65.92,248.35
2022-03-05 05:00:00,61.85,66.55,254.56
2022-03-05 06:00:00,59.06,66.24,237.6
2022-03-05 07:00:00,64.66,59.11,233.27
2022-03-05 08:00:00,62.58,61.13,235.84
2022-03-05 09:00:00,59.89,54.56,228.74
2022-03-05 10:00:00,56.37,54.88,232.53
2022-03-05 11:00:00,52.67,57.06,206.8
2022-03-05 12:00:00,51.43,52.4,191.44
2022-03-05 13:00:00,51.93,50.62,180.94
2022-03-05 14:00:00,51.27,51.71,186.19
2022-03-05 15:00:00,48.68,55.29,164.78
2022-03-05 16:00:00,43.18,50.14,154.91
2022-03-05 17:00:00,41.07,52.51,150.6
2022-03-05 18:00:00,43.4,57.92,162.92
2022-03-05 19:00:00,40.07,60.35,144.21
2022-03-05 20:00:00,45.39,59.47,169.85
2022-03-05 21:00:00,46.17,59.85,166.75
2022-03-05 22:00:00,47.73,66.81,173.4
2022-03-05 23:00:00,48.01,67.78,212.07
2022-03-06 00:00:00,54.94,67.75,189.44
2022-03-06 01:00:00,55.55,66.4,209.4
2022-03-06 02:00:00,56.79,67.92,212.68
2022-03-06 03:00:00,55.56,67.58,244.88
2022-03-06 04:00:00,62.94,67.61,260.19
2022-03-06 05:00:00,67.62,68.09,265.0
2022-03-06 06:00:00,67.83,65.64,262.24
2022-03-06 07:00:00,63.33,60.82,246.32
2022-03-06 08:00:00,62.11,62.44,239.65
2022-03-06 09:00:00,62.73,58.77,218.64
2022-03-06 10:00:00,57.78,57.36,245.36
2022-03-06 11:00:00,58.02,56.82,217.63
2022-03-06 12:00:00,56.41,51.6,195.08
2022-03-06 13:00:00,54.78,52.33,200.34
2022-03-06 14:00:00,49.74,51.21,165.27
2022-03-06 15:00:00,47.49,49.83,168.71
2022-03-06 16:00:00,44.57,53.41,154.97
2022-03-06 17:00:00,43.68,57.85,158.09
2022-03-06 18:00:00,44.55,52.92,149.36
2022-03-06 19:00:00,46.07,57.52,137.19
2022-03-06 20:00:00,48.15,60.58,157.45
2022-03-06 21:00:00,46.29,61.89,175.13
2022-03-06 22:00:00,52.93,63.5,174.71
2022-03-06 23:00:00,51.78,63.43,194.81
2022-03-07 00:00:00,54.83,67.08,189.54
2022-03-07 01:00:00,55.92,66.49,212.68
2022-03-07 02:00:00,54.93,64.71,218.75
2022-03-07 03:00:00,63.56,69.61,242.83
2022-03-07 04:00:00,64.79,68.55,243.62
2022-03-07 05:00:00,63.68,65.99,255.2
2022-03-07 06:00:00,64.64,64.67,260.88
2022-03-07 07:00:00,65.11,64.04,255.21
2022-03-07 08:00:00,59.87,60.71,246.03
2022-03-07 09:00:00,60.25,59.65,225.37
2022-03-07 10:00:00,60.72,55.89,224.97
2022-03-07 11:00:00,54.1,56.58,207.61
2022-03-07 12:00:00,54.5,53.75,196.56
2022-03-07 13:00:00,48.49,52.67,183.31
2022-03-07 14:00:00,49.6,50.1,165.2
2022-03-07 15:00:00,46.39,52.61,145.07
2022-03-07 16:00:00,41.51,51.64,150.02
2022-03-07 17:00:00,45.93,53.13,153.64
2022-03-07 18:00:00,41.65,54.45,136.52
2022-03-07 19:00:00,41.69,55.97,151.86
2022-03-07 20:00:00,44.56,62.81,175.7
2022-03-07 21:00:00,47.89,63.7,174.88
2022-03-07 22:00:00,45.47,66.55,191.44
2022-03-07 23:00:00,49.87,63.55,190.97
2022-03-08 00:00:00,53.03,66.84,211.68
2022-03-08 01:00:00,55.97,65.68,205.7
2022-03-08 02:00:00,57.18,66.95,218.56
2022-03-08 03:00:00,57.99,66.44,207.96
2022-03-08 04:00:00,58.48,68.97,255.16
2022-03-08 05:00:00,61.13,65.32,263.7
2022-03-08 06:00:00,58.97,65.92,244.47
2022-03-08 07:00:00,54.75,63.34,245.76
2022-03-08 08:00:00,60.28,63.83,235.76
2022-03-08 09:00:00,59.44,56.08,239.18
2022-03-08 10:00:00,50.65,58.22,236.25
2022-03-08 11:00:00,50.76,56.34,195.51
2022-03-08 12:00:00,51.24,51.81,204.09
2022-03-08 13:00:00,51.34,53.89,184.29
2022-03-08 14:00:00,44.67,52.51,176.13
2022-03-08 15:00:00,40.91,51.84,169.23
2022-03-08 16:00:00,40.23,51.65,154.82
2022-03-08 17:00:00,42.16,53.0,150.67
2022-03-08 18:00:00,37.6,58.75,147.86
2022-03-08 19:00:00,37.45,57.57,161.41
2022-03-08 20:00:00,38.9,60.8,160.89
2022-03-08 21:00:00,39.37,60.52,166.85
2022-03-08 22:00:00,43.42,62.5,162.29
2022-03-08 23:00:00,48.66,67.01,183.27
2022-03-09 00:00:00,48.48,64.71,208.99
2022-03-09 01:00:00,49.75,67.0,213.32
2022-03-09 02:00:00,51.92,68.04,231.6
2022-03-09 03:00:00,51.28,67.98,253.02
2022-03-09 04:00:00,57.61,66.84,253.69
2022-03-09 05:00:00,56.53,66.51,249.23
2022-03-09 06:00:00,56.52,65.36,244.89
2022-03-09 07:00:00,62.78,63.53,222.76
2022-03-09 08:00:00,55.86,58.9,241.62
2022-03-09 09:00:00,52.03,57.87,232.1
2022-03-09 10:00:00,50.48,58.12,228.9
2022-03-09 11:00:00,51.1,55.96,211.4
2022-03-09 12:00:00,46.32,51.21,196.8
2022-03-09 13:00:00,40.51,52.91,169.27
2022-03-09 14:00:00,42.71,49.04,165.6
2022-03-09 15:00:00,37.36,52.25,169.41
2022-03-09 16:00:00,40.76,55.74,173.86
2022-03-09 17:00:00,38.08,52.66,150.73
2022-03-09 18:00:00,34.6,54.43,153.28
2022-03-09 19:00:00,38.32,58.71,161.23
2022-03-09 20:00:00,36.82,57.31,148.59
2022-03-09 21:00:00,39.92,60.75,168.31
2022-03-09 22:00:00,41.19,64.56,167.6
2022-03-09 23:00:00,40.89,64.43,195.71
2022-03-10 00:00:00,43.84,66.38,201.51
2022-03-10 01:00:00,49.74,68.74,215.93
2022-03-10 02:00:00,49.39,68.62,217.17
2022-03-10 03:00:00,51.3,68.22,242.43
2022-03-10 04:00:00,51.76,66.6,264.15
2022-03-10 05:00:00,55.51,66.47,238.22
2022-03-10 06:00:00,59.13,64.14,246.6
2022-03-10 07:00:00,52.53,63.12,250.61
2022-03-10 08:00:00,53.72,59.63,251.17
2022-03-10 09:00:00,54.93,58.02,229.76
2022-03-10 10:00:00,49.9,54.85,196.67
2022-03-10 11:00:00,48.58,54.56,226.53
2022-03-10 12:00:00,43.0,52.05,207.61
2022-03-10 13:00:00,43.44,50.71,169.63
2022-03-10 14:00:00,39.85,52.4,168.92
2022-03-10 15:00:00,40.18,52.5,180.33
2022-03-10 16:00:00,39.06,54.07,171.18
2022-03-10 17:00:00,40.94,53.44,161.09
2022-03-10 18:00:00,36.65,56.29,148.24
2022-03-10 19:00:00,36.57,58.39,152.53
2022-03-10 20:00:00,37.4,60.29,155.39
2022-03-10 21:00:00,37.99,60.47,175.93
2022-03-10 22:00:00,41.55,63.89,166.24
2022-03-10 23:00:00,42.8,65.93,179.0
2022-03-11 00:00:00,46.43,66.74,210.1
2022-03-11 01:00:00,51.43,64.49,212.5
2022-03-11 02:00:00,49.32,68.23,238.78
2022-03-11 03:00:00,55.82,71.14,228.64
2022-03-11 04:00:00,57.89,66.57,242.75
2022-03-11 05:00:00,56.16,64.83,239.07
2022-03-11 06:00:00,52.64,64.88,250.07
2022-03-11 07:00:00,55.47,62.9,233.51
2022-03-11 08:00:00,58.44,62.17,238.42
2022-03-11 09:00:00,54.37,56.41,220.99
2022-03-11 10:00:00,50.5,57.43,231.94
2022-03-11 11:00:00,49.24,55.5,220.11
2022-03-11 12:00:00,49.51,53.06,182.7
2022-03-11 13:00:00,46.51,52.89,200.4
2022-03-11 14:00:00,42.7,53.55,199.97
2022-03-11 15:00:00,40.54,53.49,165.1
2022-03-11 16:00:00,39.08,51.18,150.29
2022-03-11 17:00:00,37.2,55.31,179.95
2022-03-11 18:00:00,42.12,55.58,136.81
2022-03-11 19:00:00,38.77,57.68,151.9
2022-03-11 20:00:00,43.03,59.73,158.49
2022-03-11 21:00:00,45.41,61.48,178.1
2022-03-11 22:00:00,46.62,65.46,178.6
2022-03-11 23:00:00,46.36,65.26,182.07
2022-03-12 00:00:00,50.81,65.05,190.49
2022-03-12 01:00:00,52.73,67.03,209.52
2022-03-12 02:00:00,53.57,68.26,214.93
2022-03-12 03:00:00,58.28,69.66,235.83
2022-03-12 04:00:00,57.05,68.01,237.66
2022-03-12 05:00:00,62.96,64.64,233.36
2022-03-12 06:00:00,60.18,68.05,262.55
2022-03-12 07:00:00,61.36,62.83,243.32
2022-03-12 08:00:00,60.7,62.29,230.62
2022-03-12 09:00:00,58.2,58.07,233.67
2022-03-12 10:00:00,58.0,57.13,225.68
2022-03-12 11:00:00,53.64,55.88,195.48
2022-03-12 12:00:00,53.91,55.1,203.32
2022-03-12 13:00:00,47.06,53.96,176.59
2022-03-12 14:00:00,47.75,53.32,192.11
2022-03-12 15:00:00,49.47,51.71,169.88
2022-03-12 16:00:00,42.16,52.03,152.7
2022-03-12 17:00:00,41.95,54.58,144.25
2022-03-12 18:00:00,44.15,57.08,148.95
2022-03-12 19:00:00,43.96,57.23,157.83
2022-03-12 20:00:00,45.44,61.22,156.44
2022-03-12 21:00:00,47.44,63.88,162.47
2022-03-12 22:00:00,49.93,62.29,175.58
2022-03-12 23:00:00,53.42,64.13,181.02
2022-03-13 00:00:00,54.73,66.52,196.57
2022-03-13 01:00:00,56.13,68.08,192.08
2022-03-13 02:00:00,60.48,67.2,234.74
2022-03-13 03:00:00,65.1,69.84,238.34
2022-03-13 04:00:00,62.73,67.75,235.57
2022-03-13 05:00:00,62.13,65.98,267.28
2022-03-13 06:00:00,66.72,62.17,250.87
2022-03-13 07:00:00,64.0,60.46,237.93
2022-03-13 08:00:00,58.97,60.8,251.87
2022-03-13 09:00:00,63.49,55.1,239.34
2022-03-13 10:00:00,58.71,57.85,228.95
2022-03-13 11:00:00,57.24,54.38,208.68
2022-03-13 12:00:00,55.54,58.13,204.5
2022-03-13 13:00:00,52.71,55.84,184.44
2022-03-13 14:00:00,51.36,51.74,180.56
2022-03-13 15:00:00,47.03,52.02,145.6
2022-03-13 16:00:00,47.35,54.38,152.36
2022-03-13 17:00:00,44.82,56.64,168.93
2022-03-13 18:00:00,46.48,53.22,142.33
2022-03-13 19:00:00,46.57,54.89,145.67
2022-03-13 20:00:00,44.45,58.69,152.22
2022-03-13 21:00:00,50.07,62.58,152.5
2022-03-13 22:00:00,48.87,64.41,152.92
2022-03-13 23:00:00,53.94,66.99,184.75
2022-03-14 00:00:00,55.61,64.93,201.36
2022-03-14 01:00:00,61.09,64.15,212.42
2022-03-14 02:00:00,59.33,69.28,223.55
2022-03-14 03:00:00,61.09,66.57,235.79
2022-03-14 04:00:00,63.28,64.08,253.53
2022-03-14 05:00:00,63.64,66.14,246.39
2022-03-14 06:00:00,66.1,65.51,244.26
2022-03-14 07:00:00,60.85,62.25,245.49
2022-03-14 08:00:00,60.88,59.69,249.09
2022-03-14 09:00:00,59.17,58.06,249.48
2022-03-14 10:00:00,61.03,55.78,218.72
2022-03-14 11:00:00,60.03,52.59,213.93
2022-03-14 12:00:00,53.7,52.2,203.38
2022-03-14 13:00:00,50.86,53.16,177.13
2022-03-14 14:00:00,48.81,52.49,175.2
2022-03-14 15:00:00,48.79,52.44,149.99
2022-03-14 16:00:00,42.89,51.4,139.01
2022-03-14 17:00:00,44.08,53.81,155.37
2022-03-14 18:00:00,45.07,52.41,146.16
2022-03-14 19:00:00,44.31,57.83,153.73
2022-03-14 20:00:00,44.54,61.77,156.52
2022-03-14 21:00:00,47.59,59.49,154.88
2022-03-14 22:00:00,42.09,62.79,174.55
2022-03-14 23:00:00,51.1,65.88,174.73
2022-03-15 00:00:00,50.86,68.61,213.91
2022-03-15 01:00:00,50.93,66.95,199.38
2022-03-15 02:00:00,57.85,66.95,223.04
2022-03-15 03:00:00,61.47,64.86,224.93
2022-03-15 04:00:00,59.86,67.26,249.01
2022-03-15 05:00:00,62.86,68.98,244.98
2022-03-15 06:00:00,64.34,64.74,244.81
2022-03-15 07:00:00,63.22,62.4,256.83
2022-03-15 08:00:00,62.69,60.86,243.6
2022-03-15 09:00:00,59.12,58.28,240.52
2022-03-15 10:00:00,55.52,55.11,215.19
2022-03-15 11:00:00,49.57,55.85,198.89
2022-03-15 12:00:00,49.51,53.61,201.07
2022-03-15 13:00:00,45.54,52.41,183.87
2022-03-15 14:00:00,48.97,50.55,181.26
2022-03-15 15:00:00,42.02,54.14,163.85
2022-03-15 16:00:00,40.84,53.89,158.75
2022-03-15 17:00:00,40.51,53.25,135.47
2022-03-15 18:00:00,38.97,57.18,168.88
2022-03-15 19:00:00,42.44,56.82,150.06
2022-03-15 20:00:00,38.62,58.45,163.67
2022-03-15 21:00:00,41.67,60.56,156.28
2022-03-15 22:00:00,41.69,61.01,178.08
2022-03-15 23:00:00,42.77,66.09,174.03
2022-03-16 00:00:00,46.61,63.99,204.52
2022-03-16 01:00:00,50.18,65.78,209.38
2022-03-16 02:00:00,51.64,64.88,225.29
2022-03-16 03:00:00,53.03,67.69,242.34
2022-03-16 04:00:00,53.03,66.88,230.98
2022-03-16 05:00:00,56.52,65.43,241.45
2022-03-16 06:00:00,53.87,62.76,254.57
2022-03-16 07:00:00,57.92,60.67,269.28
2022-03-16 08:00:00,55.42,61.07,241.92
2022-03-16 09:00:00,50.62,57.47,241.27
2022-03-16 10:00:00,50.72,56.81,223.93
2022-03-16 11:00:00,47.29,53.29,232.36
2022-03-16 12:00:00,46.73,53.54,182.53
2022-03-16 13:00:00,46.07,54.33,188.01
2022-03-16 14:00:00,37.12,52.89,158.74
2022-03-16 15:00:00,38.93,51.56,139.58
2022-03-16 16:00:00,36.69,53.28,159.67
2022-03-16 17:00:00,37.26,53.72,153.1
2022-03-16 18:00:00,35.92,55.69,147.15
2022-03-16 19:00:00,34.25,57.08,150.64
2022-03-16 20:00:00,36.05,59.38,187.68
2022-03-16 21:00:00,36.62,62.02,162.06
2022-03-16 22:00:00,42.37,62.18,180.1
2022-03-16 23:00:00,42.62,63.86,180.57
2022-03-17 00:00:00,48.93,64.65,202.95
2022-03-17 01:00:00,47.55,65.22,210.56
2022-03-17 02:00:00,48.64,66.17,220.89
2022-03-17 03:00:00,49.08,68.06,253.54
2022-03-17 04:00:00,50.07,65.77,255.07
2022-03-17 05:00:00,51.49,66.69,249.66
2022-03-17 06:00:00,55.53,64.37,226.96
2022-03-17 07:00:00,55.68,59.48,244.69
2022-03-17 08:00:00,50.51,61.36,270.33
2022-03-17 09:00:00,53.89,59.51,233.05
2022-03-17 10:00:00,49.09,54.84,236.03
2022-03-17 11:00:00,47.97,55.25,227.36
2022-03-17 12:00:00,48.35,51.98,202.19
2022-03-17 13:00:00,44.38,52.53,178.64
2022-03-17 14:00:00,39.69,50.11,150.65
2022-03-17 15:00:00,36.43,49.49,171.49
2022-03-17 16:00:00,32.38,52.32,148.55
2022-03-17 17:00:00,34.32,53.9,153.47
2022-03-17 18:00:00,35.07,55.08,137.5
2022-03-17 19:00:00,33.95,55.79,149.05
2022-03-17 20:00:00,36.75,59.02,157.04
2022-03-17 21:00:00,38.85,62.11,167.33
2022-03-17 22:00:00,40.42,63.6,163.85
2022-03-17 23:00:00,42.09,65.66,199.03
2022-03-18 00:00:00,46.43,65.73,194.03
2022-03-18 01:00:00,49.68,69.38,196.2
2022-03-18 02:00:00,49.15,66.23,223.91
2022-03-18 03:00:00,56.36,68.55,235.7
2022-03-18 04:00:00,55.06,68.88,244.91
2022-03-18 05:00:00,56.44,66.64,261.92
2022-03-18 06:00:00,58.3,64.02,247.64
2022-03-18 07:00:00,57.16,61.64,247.1
2022-03-18 08:00:00,57.75,61.93,232.27
2022-03-18 09:00:00,54.99,56.16,243.56
2022-03-18 10:00:00,51.28,54.88,226.84
2022-03-18 11:00:00,50.97,54.02,208.74
2022-03-18 12:00:00,45.54,55.12,180.95
2022-03-18 13:00:00,45.63,52.95,201.5
2022-03-18 14:00:00,43.11,50.56,162.72
2022-03-18 15:00:00,40.86,51.72,158.73
2022-03-18 16:00:00,39.61,51.97,160.28
2022-03-18 17:00:00,35.28,53.02,139.74
2022-03-18 18:00:00,37.79,57.15,135.06
2022-03-18 19:00:00,39.6,55.51,130.46
2022-03-18 20:00:00,40.91,62.04,163.91
2022-03-18 21:00:00,40.31,62.95,159.19
2022-03-18 22:00:00,47.16,65.3,204.27
2022-03-18 23:00:00,45.49,64.69,177.12
2022-03-19 00:00:00,51.94,66.51,190.79
2022-03-19 01:00:00,53.63,65.47,207.29
2022-03-19 02:00:00,54.08,67.2,227.43
2022-03-19 03:00:00,61.18,68.56,230.65
2022-03-19 04:00:00,57.02,69.05,249.42
2022-03-19 05:00:00,62.43,64.26,238.51
2022-03-19 06:00:00,63.11,63.77,236.18
2022-03-19 07:00:00,59.61,62.21,230.31
2022-03-19 08:00:00,62.92,58.28,221.07
2022-03-19 09:00:00,58.22,59.18,230.17
2022-03-19 10:00:00,57.4,55.25,221.99
2022-03-19 11:00:00,55.11,54.32,206.63
2022-03-19 12:00:00,51.9,52.59,212.43
2022-03-19 13:00:00,51.37,51.19,199.34
2022-03-19 14:00:00,49.09,52.0,171.65
2022-03-19 15:00:00,42.09,51.86,146.71
2022-03-19 16:00:00,46.77,52.33,151.03
2022-03-19 17:00:00,39.98,52.99,145.71
2022-03-19 18:00:00,45.18,56.16,143.43
2022-03-19 19:00:00,45.86,60.05,144.73
2022-03-19 20:00:00,42.56,59.83,150.16
2022-03-19 21:00:00,45.64,63.2,160.78
2022-03-19 22:00:00,46.45,61.58,168.64
2022-03-19 23:00:00,50.77,65.62,189.14
2022-03-20 00:00:00,53.29,65.09,203.6
2022-03-20 01:00:00,58.17,65.41,203.83
2022-03-20 02:00:00,61.75,66.88,237.71
2022-03-20 03:00:00,64.1,69.6,225.55
2022-03-20 04:00:00,61.87,68.53,227.12
2022-03-20 05:00:00,63.66,66.28,252.1
2022-03-20 06:00:00,61.14,62.02,241.83
2022-03-20 07:00:00,62.63,62.14,251.51
2022-03-20 08:00:00,65.24,60.83,219.26
2022-03-20 09:00:00,65.02,58.56,249.28
2022-03-20 10:00:00,57.31,53.57,231.72
2022-03-20 11:00:00,56.23,53.28,197.94
2022-03-20 12:00:00,54.82,53.17,185.21
2022-03-20 13:00:00,52.88,53.18,203.78
2022-03-20 14:00:00,48.32,48.71,167.63
2022-03-20 15:00:00,48.75,51.94,156.3
2022-03-20 16:00:00,45.38,53.11,134.04
2022-03-20 17:00:00,45.31,55.36,148.2
2022-03-20 18:00:00,46.09,56.72,147.72
2022-03-20 19:00:00,45.35,58.44,158.86
2022-03-20 20:00:00,45.45,58.42,142.71
2022-03-20 21:00:00,47.68,58.84,149.44
2022-03-20 22:00:00,49.77,63.08,179.51
2022-03-20 23:00:00,51.58,66.89,197.13
2022-03-21 00:00:00,54.36,68.82,184.29
2022-03-21 01:00:00,60.62,68.69,223.76
2022-03-21 02:00:00,60.9,68.64,225.38
2022-03-21 03:00:00,61.2,68.39,246.27
2022-03-21 04:00:00,64.71,66.28,242.6
2022-03-21 05:00:00,63.57,65.72,223.07
2022-03-21 06:00:00,66.85,66.83,248.48
2022-03-21 07:00:00,64.82,61.02,258.9
2022-03-21 08:00:00,62.78,62.8,234.36
2022-03-21 09:00:00,62.2,57.81,231.48
2022-03-21 10:00:00,55.99,58.32,223.24
2022-03-21 11:00:00,54.36,52.51,183.95
2022-03-21 12:00:00,51.52,54.15,216.71
2022-03-21 13:00:00,51.49,51.27,178.05
2022-03-21 14:00:00,52.13,49.89,180.06
2022-03-21 15:00:00,50.93,52.51,163.78
2022-03-21 16:00:00,46.02,54.4,169.27
2022-03-21 17:00:00,44.6,52.82,155.76
2022-03-21 18:00:00,39.52,53.43,147.65
2022-03-21 19:00:00,42.22,57.43,142.77
2022-03-21 20:00:00,42.58,59.49,164.68
2022-03-21 21:00:00,44.35,62.53,145.91
2022-03-21 22:00:00,47.16,65.09,181.46
2022-03-21 23:00:00,48.8,65.29,176.07
2022-03-22 00:00:00,48.21,69.52,212.52
2022-03-22 01:00:00,56.08,67.96,214.55
2022-03-22 02:00:00,54.68,67.47,231.44
2022-03-22 03:00:00,59.2,65.4,236.18
2022-03-22 04:00:00,64.28,66.72,225.78
2022-03-22 05:00:00,59.11,65.41,239.69
2022-03-22 06:00:00,56.05,65.76,256.72
2022-03-22 07:00:00,60.02,63.13,249.96
2022-03-22 08:00:00,61.61,58.61,255.11
2022-03-22 09:00:00,61.55,58.55,239.39
2022-03-22 10:00:00,52.91,57.34,215.33
2022-03-22 11:00:00,53.77,56.91,204.98
2022-03-22 12:00:00,49.07,54.6,201.03
2022-03-22 13:00:00,47.01,53.52,163.92
2022-03-22 14:00:00,49.92,52.1,191.73
2022-03-22 15:00:00,39.36,52.77,169.06
2022-03-22 16:00:00,41.1,54.77,168.97
2022-03-22 17:00:00,40.35,52.08,135.9
2022-03-22 18:00:00,41.06,55.15,162.45
2022-03-22 19:00:00,39.24,56.41,174.02
2022-03-22 20:00:00,40.48,60.19,143.49
2022-03-22 21:00:00,40.49,63.55,172.36
2022-03-22 22:00:00,43.71,62.77,175.01
2022-03-22 23:00:00,44.73,61.8,171.61
2022-03-23 00:00:00,49.07,66.11,204.93
2022-03-23 01:00:00,49.51,68.99,221.28
2022-03-23 02:00:00,53.25,68.8,218.99
2022-03-23 03:00:00,54.35,68.46,247.01
2022-03-23 04:00:00,58.1,66.69,226.63
2022-03-23 05:00:00,56.59,64.0,233.35
2022-03-23 06:00:00,53.34,65.1,251.37
2022-03-23 07:00:00,58.92,61.18,248.55
2022-03-23 08:00:00,53.45,63.65,236.14
2022-03-23 09:00:00,52.23,59.15,243.45
2022-03-23 10:00:00,50.14,55.46,230.31
2022-03-23 11:00:00,51.55,53.7,221.52
2022-03-23 12:00:00,41.82,53.13,198.77
2022-03-23 13:00:00,49.66,52.02,193.08
2022-03-23 14:00:00,42.98,53.68,170.54
2022-03-23 15:00:00,39.14,52.46,185.18
2022-03-23 16:00:00,36.9,51.79,148.57
2022-03-23 17:00:00,36.49,56.92,172.76
2022-03-23 18:00:00,36.54,55.75,150.35
2022-03-23 19:00:00,37.05,58.72,137.95
2022-03-23 20:00:00,37.8,58.71,170.38
2022-03-23 21:00:00,38.39,62.25,165.9
2022-03-23 22:00:00,39.83,64.14,183.51
2022-03-23 23:00:00,42.28,62.55,199.3
2022-03-24 00:00:00,44.74,69.75,203.38
2022-03-24 01:00:00,49.94,69.56,207.02
2022-03-24 02:00:00,51.24,67.4,234.76
2022-03-24 03:00:00,46.22,66.16,235.36
2022-03-24 04:00:00,54.99,67.63,250.16
2022-03-24 05:00:00,55.05,66.05,226.76
2022-03-24 06:00:00,54.96,64.86,254.47
2022-03-24 07:00:00,53.89,62.72,241.91
2022-03-24 08:00:00,55.92,61.14,259.83
2022-03-24 09:00:00,54.0,60.47,241.59
2022-03-24 10:00:00,48.51,57.18,227.4
2022-03-24 11:00:00,48.49,53.04,217.8
2022-03-24 12:00:00,43.18,55.31,190.02
2022-03-24 13:00:00,39.82,54.84,203.29
2022-03-24 14:00:00,38.97,56.74,194.91
2022-03-24 15:00:00,39.93,50.5,168.57
2022-03-24 16:00:00,38.59,53.26,172.6
2022-03-24 17:00:00,36.78,50.96,146.01
2022-03-24 18:00:00,36.95,56.51,142.03
2022-03-24 19:00:00,36.95,56.74,152.11
2022-03-24 20:00:00,35.73,62.51,161.05
2022-03-24 21:00:00,39.56,60.54,160.7
2022-03-24 22:00:00,42.47,61.13,180.38
2022-03-24 23:00:00,44.9,64.68,190.12
2022-03-25 00:00:00,48.47,63.77,190.02
2022-03-25 01:00:00,50.21,68.75,218.13
2022-03-25 02:00:00,52.04,64.89,233.64
2022-03-25 03:00:00,55.68,67.86,237.07
2022-03-25 04:00:00,55.21,63.99,254.83
2022-03-25 05:00:00,54.63,65.44,236.12
2022-03-25 06:00:00,56.56,66.79,254.68
2022-03-25 07:00:00,55.2,62.97,236.59
